recommendation_event_id,session_id,rank,course_name,partner,domain,sub_domain,difficulty,hours,rating,semantic_score,final_score,url,image_url
rec_3a924991950f,session_1cb02615d23e,1,Using Basic Formulas and Functions in Microsoft Excel,Coursera,Business,Business Essentials,BEGINNER,1.0,4.63,0.6515912413597107,0.7469445925980975,https://www.coursera.org/learn/using-basic-formulas-functions-microsoft-excel,https://s3.amazonaws.com/coursera_assets/meta_images/generated/XDP/XDP~COURSE!~using-basic-formulas-functions-microsoft-excel/XDP~COURSE!~using-basic-formulas-functions-microsoft-excel.jpeg
rec_3a924991950f,session_1cb02615d23e,2,Copilot for Beginners: Sales Data Analysis in Excel,Coursera,Business,Business Strategy,BEGINNER,1.0,5.0,0.6528984308242798,0.7115328371786389,https://www.coursera.org/learn/copilot-for-beginners-sales-data-analysis-in-excel,https://s3.amazonaws.com/coursera_assets/meta_images/generated/XDP/XDP~COURSE!~copilot-for-beginners-sales-data-analysis-in-excel/XDP~COURSE!~copilot-for-beginners-sales-data-analysis-in-excel.jpeg
rec_3a924991950f,session_1cb02615d23e,3,Advanced Quantitative Statistics with Excel,Coursera,Business,Business Essentials,BEGINNER,3.0,4.78,0.6356165409088135,0.7005056087335859,https://www.coursera.org/learn/advanced-quantitative-statistics-with-excel,https://s3.amazonaws.com/coursera_assets/meta_images/generated/XDP/XDP~COURSE!~advanced-quantitative-statistics-with-excel/XDP~COURSE!~advanced-quantitative-statistics-with-excel.jpeg
rec_3a924991950f,session_1cb02615d23e,4,ChatGPT + Excel: Master AI-driven Formulas & Visualizations,Vanderbilt University,Business,Business Essentials,BEGINNER,4.0,4.82,0.5655586123466492,0.6633008123110362,https://www.coursera.org/learn/chatgpt-excel-formulas-visualizations,https://s3.amazonaws.com/coursera_assets/meta_images/generated/XDP/XDP~COURSE!~chatgpt-excel-formulas-visualizations/XDP~COURSE!~chatgpt-excel-formulas-visualizations.jpeg
rec_3a924991950f,session_1cb02615d23e,5,Microsoft Copilot for Excel: AI-Powered Data Analysis,Maven Analytics,Data Science,Data Analysis,BEGINNER,3.0,4.66,0.5784175395965576,0.6565985435949053,https://www.coursera.org/learn/copilot-for-excel,https://s3.amazonaws.com/coursera_assets/meta_images/generated/XDP/XDP~COURSE!~copilot-for-excel/XDP~COURSE!~copilot-for-excel.jpeg
rec_cca269ff69ec,session_ea38485e0c61,1,GenAI for Business Analysts: Faster Insights,Coursera,Business,Business Strategy,INTERMEDIATE,2.0,4.69,0.4301266670227051,0.5612283335647583,https://www.coursera.org/learn/genai-for-business-analysts-faster-insights,https://s3.amazonaws.com/coursera_assets/meta_images/generated/XDP/XDP~COURSE!~genai-for-business-analysts-faster-insights/XDP~COURSE!~genai-for-business-analysts-faster-insights.jpeg
rec_cca269ff69ec,session_ea38485e0c61,2,Discovering BI: From Warehousing to Interactive Dashboards,Coursera,Business,Business Essentials,BEGINNER,3.0,5.0,0.43899062275886536,0.5566461905075482,https://www.coursera.org/learn/discovering-bi-from-warehousing-to-interactive-dashboards,https://s3.amazonaws.com/coursera_assets/meta_images/generated/XDP/XDP~COURSE!~discovering-bi-from-warehousing-to-interactive-dashboards/XDP~COURSE!~discovering-bi-from-warehousing-to-interactive-dashboards.jpeg
rec_cca269ff69ec,session_ea38485e0c61,3,Introduction to Generative AI in Finance,Coursera,Business,Finance,BEGINNER,4.0,3.65,0.4570312798023224,0.5488574747286523,https://www.coursera.org/learn/introduction-to-generative-ai-in-finance,https://s3.amazonaws.com/coursera_assets/meta_images/generated/XDP/XDP~COURSE!~introduction-to-generative-ai-in-finance/XDP~COURSE!~introduction-to-generative-ai-in-finance.jpeg
rec_cca269ff69ec,session_ea38485e0c61,4,"No-Code Model Evaluation, Communication, and Business Impact",LearnQuest,Data Science,Machine Learning,INTERMEDIATE,5.0,5.0,0.467159241437912,0.5441275069346427,https://www.coursera.org/learn/no-code-model-evaluation-communication-and-business-impact,https://s3.amazonaws.com/coursera_assets/meta_images/generated/XDP/XDP~COURSE!~no-code-model-evaluation-communication-and-business-impact/XDP~COURSE!~no-code-model-evaluation-communication-and-business-impact.jpeg
rec_cca269ff69ec,session_ea38485e0c61,5,Practical AI and prompting for finance professionals,AI Business School,Business,Business Strategy,INTERMEDIATE,10.0,5.0,0.43987762928009033,0.5386170304606301,https://www.coursera.org/learn/practical-ai-and-prompting-for-finance-professionals,https://s3.amazonaws.com/coursera_assets/meta_images/generated/XDP/XDP~COURSE!~practical-ai-and-prompting-for-finance-professionals/XDP~COURSE!~practical-ai-and-prompting-for-finance-professionals.jpeg
rec_1de05a75d61a,session_c5a940762e65,1,Introduction to AI and Machine Learning on Google Cloud,Google Cloud,Information Technology,Cloud Computing,BEGINNER,8.0,4.59,0.5495324730873108,0.6501895360781806,https://www.coursera.org/learn/introduction-to-ai-and-machine-learning-on-google-cloud,https://s3.amazonaws.com/coursera_assets/meta_images/generated/XDP/XDP~COURSE!~introduction-to-ai-and-machine-learning-on-google-cloud/XDP~COURSE!~introduction-to-ai-and-machine-learning-on-google-cloud.jpeg
rec_1de05a75d61a,session_c5a940762e65,2,Innovating with Google Cloud Artificial Intelligence,Google Cloud,Information Technology,Cloud Computing,BEGINNER,1.0,4.81,0.5223883390426636,0.6398532775205884,https://www.coursera.org/learn/innovating-with-google-cloud-artificial-intelligence,https://s3.amazonaws.com/coursera_assets/meta_images/generated/XDP/XDP~COURSE!~innovating-with-google-cloud-artificial-intelligence/XDP~COURSE!~innovating-with-google-cloud-artificial-intelligence.jpeg
rec_1de05a75d61a,session_c5a940762e65,3,Responsible AI: Applying AI Principles with Google Cloud,Google Cloud,Information Technology,Cloud Computing,BEGINNER,1.0,4.57,0.5067753791809082,0.6349197107533046,https://www.coursera.org/learn/responsible-ai-applying-ai-principles-with-google-cloud,https://s3.amazonaws.com/coursera_assets/meta_images/generated/XDP/XDP~COURSE!~responsible-ai-applying-ai-principles-with-google-cloud/XDP~COURSE!~responsible-ai-applying-ai-principles-with-google-cloud.jpeg
rec_1de05a75d61a,session_c5a940762e65,4,Modernize Infrastructure and Applications with Google Cloud,Google Cloud,Business,Business Strategy,BEGINNER,1.0,4.73,0.48681432008743286,0.6295067366282598,https://www.coursera.org/learn/google-cloud-product-fundamentals,https://s3.amazonaws.com/coursera_assets/meta_images/generated/XDP/XDP~COURSE!~google-cloud-product-fundamentals/XDP~COURSE!~google-cloud-product-fundamentals.jpeg
rec_1de05a75d61a,session_c5a940762e65,5,Deploy and Scale AI Models with Cloud Run,Google Cloud,Computer Science,Software Development,BEGINNER,1.0,5.0,0.5445833206176758,0.6225751584014891,https://www.coursera.org/learn/cloud-run-for-ai-inference,https://s3.amazonaws.com/coursera_assets/meta_images/generated/XDP/XDP~COURSE!~cloud-run-for-ai-inference/XDP~COURSE!~cloud-run-for-ai-inference.jpeg
rec_9b8f31d98334,session_e108c12b78eb,1,Introduction to AI and Machine Learning on Google Cloud,Google Cloud,Information Technology,Cloud Computing,BEGINNER,8.0,4.59,0.43391838669776917,0.5710403799249786,https://www.coursera.org/learn/introduction-to-ai-and-machine-learning-on-google-cloud,https://s3.amazonaws.com/coursera_assets/meta_images/generated/XDP/XDP~COURSE!~introduction-to-ai-and-machine-learning-on-google-cloud/XDP~COURSE!~introduction-to-ai-and-machine-learning-on-google-cloud.jpeg
rec_9b8f31d98334,session_e108c12b78eb,2,DevOps and AI on AWS: CI/CD for Generative AI Applications,Amazon Web Services,Information Technology,Cloud Computing,BEGINNER,12.0,4.36,0.4765389561653137,0.5653417500788824,https://www.coursera.org/learn/cicd-generative-ai-apps,https://s3.amazonaws.com/coursera_assets/meta_images/generated/XDP/XDP~COURSE!~cicd-generative-ai-apps/XDP~COURSE!~cicd-generative-ai-apps.jpeg
rec_9b8f31d98334,session_e108c12b78eb,3,Deploy AI Apps with Cloudflare,Scrimba,Computer Science,Software Development,INTERMEDIATE,4.0,4.79,0.45475640892982483,0.5580482372329576,https://www.coursera.org/learn/deploy-ai-app-with-cloudflare,https://s3.amazonaws.com/coursera_assets/meta_images/generated/XDP/XDP~COURSE!~deploy-ai-app-with-cloudflare/XDP~COURSE!~deploy-ai-app-with-cloudflare.jpeg
rec_9b8f31d98334,session_e108c12b78eb,4,Responsible AI: Applying AI Principles with Google Cloud,Google Cloud,Information Technology,Cloud Computing,BEGINNER,1.0,4.57,0.4180576801300049,0.5492532063702176,https://www.coursera.org/learn/responsible-ai-applying-ai-principles-with-google-cloud,https://s3.amazonaws.com/coursera_assets/meta_images/generated/XDP/XDP~COURSE!~responsible-ai-applying-ai-principles-with-google-cloud/XDP~COURSE!~responsible-ai-applying-ai-principles-with-google-cloud.jpeg
rec_9b8f31d98334,session_e108c12b78eb,5,Deploy and Scale AI Models with Cloud Run,Google Cloud,Computer Science,Software Development,BEGINNER,1.0,5.0,0.473918080329895,0.5486427522144318,https://www.coursera.org/learn/cloud-run-for-ai-inference,https://s3.amazonaws.com/coursera_assets/meta_images/generated/XDP/XDP~COURSE!~cloud-run-for-ai-inference/XDP~COURSE!~cloud-run-for-ai-inference.jpeg
rec_60ec59fff8df,session_68219096e177,1,Applying Data Analytics in Marketing,University of Illinois Urbana-Champaign,Business,Marketing,INTERMEDIATE,16.0,4.54,0.545693039894104,0.625866190216882,https://www.coursera.org/learn/applying-data-analytics-business-in-marketing,https://s3.amazonaws.com/coursera_assets/meta_images/generated/XDP/XDP~COURSE!~applying-data-analytics-business-in-marketing/XDP~COURSE!~applying-data-analytics-business-in-marketing.jpeg
rec_60ec59fff8df,session_68219096e177,2,Generative AI's Applications in Marketing Analytics,Edureka,Data Science,Data Analysis,BEGINNER,4.0,5.0,0.4707692265510559,0.5859368544010435,https://www.coursera.org/learn/generative-ai-applications-in-marketing-analytics,https://s3.amazonaws.com/coursera_assets/meta_images/generated/XDP/XDP~COURSE!~generative-ai-applications-in-marketing-analytics/XDP~COURSE!~generative-ai-applications-in-marketing-analytics.jpeg
rec_60ec59fff8df,session_68219096e177,3,Introduction to Digital Marketing,IBM,Business,Marketing,BEGINNER,11.0,4.81,0.45458078384399414,0.5802963666414533,https://www.coursera.org/learn/introduction-to-digital-marketing,https://s3.amazonaws.com/coursera_assets/meta_images/generated/XDP/XDP~COURSE!~introduction-to-digital-marketing/XDP~COURSE!~introduction-to-digital-marketing.jpeg
rec_60ec59fff8df,session_68219096e177,4,GenAI for Marketing Analysts: Innovate Marketing Strategies,Coursera,Data Science,Data Analysis,INTERMEDIATE,2.0,4.66,0.44563186168670654,0.565201852953502,https://www.coursera.org/learn/genai-for-marketing-analysts-innovate-marketing-strategies,https://s3.amazonaws.com/coursera_assets/meta_images/generated/XDP/XDP~COURSE!~genai-for-marketing-analysts-innovate-marketing-strategies/XDP~COURSE!~genai-for-marketing-analysts-innovate-marketing-strategies.jpeg
rec_60ec59fff8df,session_68219096e177,5,Enhancing Customer Insights with Generative AI,Coursera,Business,Leadership And Management,INTERMEDIATE,3.0,5.0,0.439136266708374,0.564955716217586,https://www.coursera.org/learn/enhancing-customer-insights-with-generative-ai,https://s3.amazonaws.com/coursera_assets/meta_images/generated/XDP/XDP~COURSE!~enhancing-customer-insights-with-generative-ai/XDP~COURSE!~enhancing-customer-insights-with-generative-ai.jpeg
rec_8524c490a019,session_c4eef1812cad,1,Natural Language Processing on Google Cloud,Google Cloud,Data Science,Machine Learning,ADVANCED,8.0,4.41,0.5656202435493469,0.6340831583070756,https://www.coursera.org/learn/sequence-models-tensorflow-gcp,https://s3.amazonaws.com/coursera_assets/meta_images/generated/XDP/XDP~COURSE!~sequence-models-tensorflow-gcp/XDP~COURSE!~sequence-models-tensorflow-gcp.jpeg
rec_8524c490a019,session_c4eef1812cad,2,Advanced Chatbots with Deep Learning and Python,Packt,Data Science,Machine Learning,ADVANCED,3.0,3.25,0.5432097911834717,0.5710083642692565,https://www.coursera.org/learn/packt-advanced-chatbots-with-deep-learning-and-python-xmshb,https://s3.amazonaws.com/coursera_assets/meta_images/generated/XDP/XDP~COURSE!~packt-advanced-chatbots-with-deep-learning-and-python-xmshb/XDP~COURSE!~packt-advanced-chatbots-with-deep-learning-and-python-xmshb.jpeg
rec_94b0f453e3d2,session_4d5bbe69ed9f,1,AWS Services for AI Solutions,Amazon Web Services,Information Technology,Cloud Computing,BEGINNER,6.0,4.63,0.6205388307571411,0.6729945257064274,https://www.coursera.org/learn/aws-services-for-ai-solutions,https://s3.amazonaws.com/coursera_assets/meta_images/generated/XDP/XDP~COURSE!~aws-services-for-ai-solutions/XDP~COURSE!~aws-services-for-ai-solutions.jpeg
rec_94b0f453e3d2,session_4d5bbe69ed9f,2,Fundamentals of Machine Learning and Artificial Intelligence,Amazon Web Services,Data Science,Machine Learning,NOT CALIBRATED,1.0,4.58,0.5517870187759399,0.6474958479186467,https://www.coursera.org/learn/fundamentals-of-machine-learning-and-artificial-intelligence,https://s3.amazonaws.com/coursera_assets/meta_images/generated/XDP/XDP~COURSE!~fundamentals-of-machine-learning-and-artificial-intelligence/XDP~COURSE!~fundamentals-of-machine-learning-and-artificial-intelligence.jpeg
rec_94b0f453e3d2,session_4d5bbe69ed9f,3,Serverless Agentic Workflows with Amazon Bedrock,DeepLearning.AI,Computer Science,Software Development,BEGINNER,1.0,4.5,0.6133996248245239,0.6423426132787977,https://www.coursera.org/learn/serverless-agentic-workflows-with-amazon-bedrock,https://s3.amazonaws.com/coursera_assets/meta_images/generated/XDP/XDP~COURSE!~serverless-agentic-workflows-with-amazon-bedrock/XDP~COURSE!~serverless-agentic-workflows-with-amazon-bedrock.jpeg
rec_94b0f453e3d2,session_4d5bbe69ed9f,4,AI Fundamentals and the Cloud,Amazon Web Services,Information Technology,Cloud Computing,BEGINNER,5.0,4.52,0.5773079991340637,0.6409201994371414,https://www.coursera.org/learn/ai-fundamentals-and-the-cloud,https://s3.amazonaws.com/coursera_assets/meta_images/generated/XDP/XDP~COURSE!~ai-fundamentals-and-the-cloud/XDP~COURSE!~ai-fundamentals-and-the-cloud.jpeg
rec_94b0f453e3d2,session_4d5bbe69ed9f,5,Bringing Ideas to Life Using AI,Amazon Web Services,Information Technology,Cloud Computing,BEGINNER,5.0,4.64,0.5857210159301758,0.6375360889260429,https://www.coursera.org/learn/bringing-ideas-to-life-using-ai,https://s3.amazonaws.com/coursera_assets/meta_images/generated/XDP/XDP~COURSE!~bringing-ideas-to-life-using-ai/XDP~COURSE!~bringing-ideas-to-life-using-ai.jpeg
rec_612adaf5a529,session_6f1392641dfd,1,"Time Series Mastery: Forecasting with ETS, ARIMA, Python",Coursera,Business,Business Essentials,BEGINNER,3.0,4.02,0.521538257598877,0.6015824388678415,https://www.coursera.org/learn/time-series-mastery-forecasting-with-ets-arima-python,https://s3.amazonaws.com/coursera_assets/meta_images/generated/XDP/XDP~COURSE!~time-series-mastery-forecasting-with-ets-arima-python/XDP~COURSE!~time-series-mastery-forecasting-with-ets-arima-python.jpeg
rec_612adaf5a529,session_6f1392641dfd,2,GenAI for Financial Analysts: Essential Predictive Analytics,Coursera,Data Science,Machine Learning,BEGINNER,3.0,4.6,0.47890573740005493,0.5798824435957499,https://www.coursera.org/learn/genai-for-financial-analysts-essential-predictive-analytics,https://s3.amazonaws.com/coursera_assets/meta_images/generated/XDP/XDP~COURSE!~genai-for-financial-analysts-essential-predictive-analytics/XDP~COURSE!~genai-for-financial-analysts-essential-predictive-analytics.jpeg
rec_612adaf5a529,session_6f1392641dfd,3,GenAI for Financial Forecasting and Planning,Coursera,Business,Finance,BEGINNER,4.0,3.9,0.49936825037002563,0.5754279341690882,https://www.coursera.org/learn/genai-for-financial-forecasting-and-planning,https://s3.amazonaws.com/coursera_assets/meta_images/generated/XDP/XDP~COURSE!~genai-for-financial-forecasting-and-planning/XDP~COURSE!~genai-for-financial-forecasting-and-planning.jpeg
rec_612adaf5a529,session_6f1392641dfd,4,Introduction to Generative AI in Finance,Coursera,Business,Finance,BEGINNER,4.0,3.65,0.4598817229270935,0.5587102627597536,https://www.coursera.org/learn/introduction-to-generative-ai-in-finance,https://s3.amazonaws.com/coursera_assets/meta_images/generated/XDP/XDP~COURSE!~introduction-to-generative-ai-in-finance/XDP~COURSE!~introduction-to-generative-ai-in-finance.jpeg
rec_612adaf5a529,session_6f1392641dfd,5,BI Dashboards with IBM Cognos Analytics and Google Looker,IBM,Information Technology,Data Management,BEGINNER,11.0,4.63,0.42896750569343567,0.5539003072721618,https://www.coursera.org/learn/bi-dashboards-with-ibm-cognos-analytics-and-google-looker,https://s3.amazonaws.com/coursera_assets/meta_images/generated/XDP/XDP~COURSE!~bi-dashboards-with-ibm-cognos-analytics-and-google-looker/XDP~COURSE!~bi-dashboards-with-ibm-cognos-analytics-and-google-looker.jpeg
rec_004211b5a233,session_d3003a5d2541,1,Generative AI for Legal Services Primer,Vanderbilt University,Social Sciences,Law,BEGINNER,5.0,4.75,0.6410666704177856,0.6835316214858465,https://www.coursera.org/learn/generative-ai-for-legal-services-primer,https://s3.amazonaws.com/coursera_assets/meta_images/generated/XDP/XDP~COURSE!~generative-ai-for-legal-services-primer/XDP~COURSE!~generative-ai-for-legal-services-primer.jpeg
rec_004211b5a233,session_d3003a5d2541,2,Introduction to Generative AI in Legal,Coursera,Social Sciences,Law,BEGINNER,7.0,4.55,0.6141157150268555,0.6668566433388847,https://www.coursera.org/learn/introduction-to-generative-ai-in-legal,https://s3.amazonaws.com/coursera_assets/meta_images/generated/XDP/XDP~COURSE!~introduction-to-generative-ai-in-legal/XDP~COURSE!~introduction-to-generative-ai-in-legal.jpeg
rec_004211b5a233,session_d3003a5d2541,3,Introduction to Artificial Intelligence (AI),IBM,Data Science,Machine Learning,BEGINNER,12.0,4.7,0.48833319544792175,0.6353402913268635,https://www.coursera.org/learn/introduction-to-ai,https://s3.amazonaws.com/coursera_assets/meta_images/generated/XDP/XDP~COURSE!~introduction-to-ai/XDP~COURSE!~introduction-to-ai.jpeg
rec_004211b5a233,session_d3003a5d2541,4,Generative AI for Everyone,DeepLearning.AI,Data Science,Machine Learning,BEGINNER,5.0,4.8,0.4997749626636505,0.6350874400170872,https://www.coursera.org/learn/generative-ai-for-everyone,https://s3.amazonaws.com/coursera_assets/meta_images/generated/XDP/XDP~COURSE!~generative-ai-for-everyone/XDP~COURSE!~generative-ai-for-everyone.jpeg
rec_004211b5a233,session_d3003a5d2541,5,AI & Law,Lund University,Social Sciences,Law,BEGINNER,16.0,4.7,0.5318133234977722,0.621106660273552,https://www.coursera.org/learn/ai-law,https://s3.amazonaws.com/coursera_assets/meta_images/generated/XDP/XDP~COURSE!~ai-law/XDP~COURSE!~ai-law.jpeg
rec_11764cd6252d,session_9e0b0408d924,1,Generative AI for Data Visualization and Data Storytelling,Coursera,Data Science,Data Analysis,INTERMEDIATE,2.0,4.06,0.5194829702377319,0.6025542163688115,https://www.coursera.org/learn/generative-ai-for-data-visualization-and-data-storytelling,https://s3.amazonaws.com/coursera_assets/meta_images/generated/XDP/XDP~COURSE!~generative-ai-for-data-visualization-and-data-storytelling/XDP~COURSE!~generative-ai-for-data-visualization-and-data-storytelling.jpeg
rec_11764cd6252d,session_9e0b0408d924,2,Data Visualization and Reporting with Generative AI,Microsoft,Data Science,Data Analysis,INTERMEDIATE,15.0,4.71,0.5277429223060608,0.6022906137846538,https://www.coursera.org/learn/data-visualization-and-reporting-with-generative-ai,https://s3.amazonaws.com/coursera_assets/meta_images/generated/XDP/XDP~COURSE!~data-visualization-and-reporting-with-generative-ai/XDP~COURSE!~data-visualization-and-reporting-with-generative-ai.jpeg
rec_11764cd6252d,session_9e0b0408d924,3,Discovering BI: From Warehousing to Interactive Dashboards,Coursera,Business,Business Essentials,BEGINNER,3.0,5.0,0.48106569051742554,0.5899949845506123,https://www.coursera.org/learn/discovering-bi-from-warehousing-to-interactive-dashboards,https://s3.amazonaws.com/coursera_assets/meta_images/generated/XDP/XDP~COURSE!~discovering-bi-from-warehousing-to-interactive-dashboards/XDP~COURSE!~discovering-bi-from-warehousing-to-interactive-dashboards.jpeg
rec_11764cd6252d,session_9e0b0408d924,4,AI-Powered Data Analysis: A Practical Introduction,University of Michigan,Data Science,Data Analysis,BEGINNER,3.0,4.4,0.47317075729370117,0.5859047065266201,https://www.coursera.org/learn/ai-powered-data-analysis-a-practical-introduction,https://s3.amazonaws.com/coursera_assets/meta_images/generated/XDP/XDP~COURSE!~ai-powered-data-analysis-a-practical-introduction/XDP~COURSE!~ai-powered-data-analysis-a-practical-introduction.jpeg
rec_11764cd6252d,session_9e0b0408d924,5,Data Visualization with ChatGPT: Python for Dashboarding,Coursera,Data Science,Data Analysis,INTERMEDIATE,2.0,4.63,0.4691872298717499,0.5847394137023516,https://www.coursera.org/learn/data-visualization-with-chatgpt-python-for-dashboarding,https://s3.amazonaws.com/coursera_assets/meta_images/generated/XDP/XDP~COURSE!~data-visualization-with-chatgpt-python-for-dashboarding/XDP~COURSE!~data-visualization-with-chatgpt-python-for-dashboarding.jpeg
rec_c3f284ecd785,session_8c85c306c7fd,1,Copilot for Beginners: Sales Data Analysis in Excel,Coursera,Business,Business Strategy,BEGINNER,1.0,5.0,0.5741581916809082,0.6583516817354474,https://www.coursera.org/learn/copilot-for-beginners-sales-data-analysis-in-excel,https://s3.amazonaws.com/coursera_assets/meta_images/generated/XDP/XDP~COURSE!~copilot-for-beginners-sales-data-analysis-in-excel/XDP~COURSE!~copilot-for-beginners-sales-data-analysis-in-excel.jpeg
rec_c3f284ecd785,session_8c85c306c7fd,2,Using Basic Formulas and Functions in Microsoft Excel,Coursera,Business,Business Essentials,BEGINNER,1.0,4.63,0.48155298829078674,0.634419728103297,https://www.coursera.org/learn/using-basic-formulas-functions-microsoft-excel,https://s3.amazonaws.com/coursera_assets/meta_images/generated/XDP/XDP~COURSE!~using-basic-formulas-functions-microsoft-excel/XDP~COURSE!~using-basic-formulas-functions-microsoft-excel.jpeg
rec_c3f284ecd785,session_8c85c306c7fd,3,Microsoft Copilot for Excel: AI-Powered Data Analysis,Maven Analytics,Data Science,Data Analysis,BEGINNER,3.0,4.66,0.5344523191452026,0.6220211503015245,https://www.coursera.org/learn/copilot-for-excel,https://s3.amazonaws.com/coursera_assets/meta_images/generated/XDP/XDP~COURSE!~copilot-for-excel/XDP~COURSE!~copilot-for-excel.jpeg
rec_c3f284ecd785,session_8c85c306c7fd,4,Microsoft Copilot in Excel: Smarter Data Analysis Made Easy,Knowledge Accelerators,Data Science,Machine Learning,INTERMEDIATE,2.0,4.84,0.5045457482337952,0.6160293077805383,https://www.coursera.org/learn/microsoft-copilot-in-excel-smarter-data-analysis-made-easy,https://s3.amazonaws.com/coursera_assets/meta_images/generated/XDP/XDP~COURSE!~microsoft-copilot-in-excel-smarter-data-analysis-made-easy/XDP~COURSE!~microsoft-copilot-in-excel-smarter-data-analysis-made-easy.jpeg
rec_c3f284ecd785,session_8c85c306c7fd,5,Microsoft Excel VBA and Macros,Coursera,Business,Business Essentials,BEGINNER,2.0,4.49,0.487911581993103,0.6109479568669456,https://www.coursera.org/learn/microsoft-excel-vba-and-macros,https://s3.amazonaws.com/coursera_assets/meta_images/generated/XDP/XDP~COURSE!~microsoft-excel-vba-and-macros/XDP~COURSE!~microsoft-excel-vba-and-macros.jpeg
rec_d610d1226deb,session_4ef3011d7315,1,AI For Everyone,DeepLearning.AI,Business,Business Strategy,BEGINNER,6.0,4.78,0.5822768211364746,0.7018799337387085,https://www.coursera.org/learn/ai-for-everyone,https://s3.amazonaws.com/coursera_assets/meta_images/generated/XDP/XDP~COURSE!~ai-for-everyone/XDP~COURSE!~ai-for-everyone.jpeg
rec_d610d1226deb,session_4ef3011d7315,2,Introduction to Deep Learning & Neural Networks with Keras,IBM,Data Science,Machine Learning,INTERMEDIATE,10.0,4.65,0.5713701248168945,0.67016400970241,https://www.coursera.org/learn/introduction-to-deep-learning-with-keras,https://s3.amazonaws.com/coursera_assets/meta_images/generated/XDP/XDP~COURSE!~introduction-to-deep-learning-with-keras/XDP~COURSE!~introduction-to-deep-learning-with-keras.jpeg
rec_d610d1226deb,session_4ef3011d7315,3,Introduction to Artificial Intelligence (AI),IBM,Data Science,Machine Learning,BEGINNER,12.0,4.7,0.538887619972229,0.6682006672676633,https://www.coursera.org/learn/introduction-to-ai,https://s3.amazonaws.com/coursera_assets/meta_images/generated/XDP/XDP~COURSE!~introduction-to-ai/XDP~COURSE!~introduction-to-ai.jpeg
rec_d610d1226deb,session_4ef3011d7315,4,Advanced Machine Learning and Deep Learning,Packt,Data Science,Data Analysis,ADVANCED,9.0,5.0,0.6018699407577515,0.6555308900639669,https://www.coursera.org/learn/packt-advanced-machine-learning-and-deep-learning-whixe,https://s3.amazonaws.com/coursera_assets/meta_images/generated/XDP/XDP~COURSE!~packt-advanced-machine-learning-and-deep-learning-whixe/XDP~COURSE!~packt-advanced-machine-learning-and-deep-learning-whixe.jpeg
rec_d610d1226deb,session_4ef3011d7315,5,AI Infrastructure and Operations Fundamentals,NVIDIA,Data Science,Machine Learning,BEGINNER,12.0,4.61,0.533732533454895,0.6415347181742532,https://www.coursera.org/learn/ai-infrastructure-operations-fundamentals,https://s3.amazonaws.com/coursera_assets/meta_images/generated/XDP/XDP~COURSE!~ai-infrastructure-operations-fundamentals/XDP~COURSE!~ai-infrastructure-operations-fundamentals.jpeg
rec_a02e5623a6ec,session_8dcb191cd452,1,Project Management in Healthcare : Tools and Tactics,Coursera,Health,Healthcare Management,INTERMEDIATE,5.0,5.0,0.4620428681373596,0.5826387214321409,https://www.coursera.org/learn/project-management-in-healthcare--tools-and-tactics,https://s3.amazonaws.com/coursera_assets/meta_images/generated/XDP/XDP~COURSE!~project-management-in-healthcare--tools-and-tactics/XDP~COURSE!~project-management-in-healthcare--tools-and-tactics.jpeg
rec_a02e5623a6ec,session_8dcb191cd452,2,GenAI for Business Analysts: Faster Insights,Coursera,Business,Business Strategy,INTERMEDIATE,2.0,4.69,0.4462522268295288,0.5757099474391937,https://www.coursera.org/learn/genai-for-business-analysts-faster-insights,https://s3.amazonaws.com/coursera_assets/meta_images/generated/XDP/XDP~COURSE!~genai-for-business-analysts-faster-insights/XDP~COURSE!~genai-for-business-analysts-faster-insights.jpeg
rec_a02e5623a6ec,session_8dcb191cd452,3,Design Thinking for Data Professionals,Fractal Analytics,Data Science,Data Analysis,INTERMEDIATE,9.0,4.5,0.4854167103767395,0.574484576030595,https://www.coursera.org/learn/design-thinking-data-professionals,https://s3.amazonaws.com/coursera_assets/meta_images/generated/XDP/XDP~COURSE!~design-thinking-data-professionals/XDP~COURSE!~design-thinking-data-professionals.jpeg
rec_a02e5623a6ec,session_8dcb191cd452,4,GenAI for Project Managers: Scaling with GenAI,Coursera,Data Science,Machine Learning,INTERMEDIATE,3.0,4.5,0.45459163188934326,0.5678239892995016,https://www.coursera.org/learn/genai-for-project-managers-scaling-with-genai,https://s3.amazonaws.com/coursera_assets/meta_images/generated/XDP/XDP~COURSE!~genai-for-project-managers-scaling-with-genai/XDP~COURSE!~genai-for-project-managers-scaling-with-genai.jpeg
rec_a02e5623a6ec,session_8dcb191cd452,5,"No-Code Model Evaluation, Communication, and Business Impact",LearnQuest,Data Science,Machine Learning,INTERMEDIATE,5.0,5.0,0.4732067584991455,0.5580583930244445,https://www.coursera.org/learn/no-code-model-evaluation-communication-and-business-impact,https://s3.amazonaws.com/coursera_assets/meta_images/generated/XDP/XDP~COURSE!~no-code-model-evaluation-communication-and-business-impact/XDP~COURSE!~no-code-model-evaluation-communication-and-business-impact.jpeg
rec_9dd085c88339,session_40d8435174ba,1,AI Workflow: AI in Production,IBM,Data Science,Machine Learning,ADVANCED,17.0,4.45,0.5908123254776001,0.6421005829890116,https://www.coursera.org/learn/ibm-ai-workflow-ai-production,https://s3.amazonaws.com/coursera_assets/meta_images/generated/XDP/XDP~COURSE!~ibm-ai-workflow-ai-production/XDP~COURSE!~ibm-ai-workflow-ai-production.jpeg
rec_9dd085c88339,session_40d8435174ba,2,"AI Workflow: Machine Learning, Visual Recognition and NLP",IBM,Data Science,Machine Learning,ADVANCED,13.0,4.43,0.5737271308898926,0.6393834922212873,https://www.coursera.org/learn/ibm-ai-workflow-machine-learning-vr-nlp,https://s3.amazonaws.com/coursera_assets/meta_images/generated/XDP/XDP~COURSE!~ibm-ai-workflow-machine-learning-vr-nlp/XDP~COURSE!~ibm-ai-workflow-machine-learning-vr-nlp.jpeg
rec_aa66303e95a0,session_ed0038138927,1,Open Data and Intelligent Finance,"SaÃ¯d Business School, University of Oxford",Business,Finance,BEGINNER,15.0,4.8,0.472536563873291,0.5720976236604962,https://www.coursera.org/learn/open-data-and-intelligent-finance,https://s3.amazonaws.com/coursera_assets/meta_images/generated/XDP/XDP~COURSE!~open-data-and-intelligent-finance/XDP~COURSE!~open-data-and-intelligent-finance.jpeg
rec_aa66303e95a0,session_ed0038138927,2,Visualization for Data Analysis with Power BI,Microsoft,Data Science,Data Analysis,BEGINNER,22.0,4.77,0.4776172637939453,0.5678783643232073,https://www.coursera.org/learn/visualization-for-data-analysis-with-power-bi,https://s3.amazonaws.com/coursera_assets/meta_images/generated/XDP/XDP~COURSE!~visualization-for-data-analysis-with-power-bi/XDP~COURSE!~visualization-for-data-analysis-with-power-bi.jpeg
rec_aa66303e95a0,session_ed0038138927,3,Data Visualization and Reporting with Generative AI,Microsoft,Data Science,Data Analysis,INTERMEDIATE,15.0,4.71,0.439849317073822,0.5551597703836986,https://www.coursera.org/learn/data-visualization-and-reporting-with-generative-ai,https://s3.amazonaws.com/coursera_assets/meta_images/generated/XDP/XDP~COURSE!~data-visualization-and-reporting-with-generative-ai/XDP~COURSE!~data-visualization-and-reporting-with-generative-ai.jpeg
rec_aa66303e95a0,session_ed0038138927,4,Data Analysis and Visualization with Python,Microsoft,Computer Science,Design And Product,BEGINNER,21.0,4.37,0.42577168345451355,0.5305667371025767,https://www.coursera.org/learn/microsoft-data-analysis-visualization-with-python,https://s3.amazonaws.com/coursera_assets/meta_images/generated/XDP/XDP~COURSE!~microsoft-data-analysis-visualization-with-python/XDP~COURSE!~microsoft-data-analysis-visualization-with-python.jpeg
rec_aa66303e95a0,session_ed0038138927,5,Discovering BI: From Warehousing to Interactive Dashboards,Coursera,Business,Business Essentials,BEGINNER,3.0,5.0,0.4257722795009613,0.5300542673899106,https://www.coursera.org/learn/discovering-bi-from-warehousing-to-interactive-dashboards,https://s3.amazonaws.com/coursera_assets/meta_images/generated/XDP/XDP~COURSE!~discovering-bi-from-warehousing-to-interactive-dashboards/XDP~COURSE!~discovering-bi-from-warehousing-to-interactive-dashboards.jpeg
rec_73f79907a19d,session_39ead40638ad,1,Serverless Agentic Workflows with Amazon Bedrock,DeepLearning.AI,Computer Science,Software Development,BEGINNER,1.0,4.5,0.5086336135864258,0.574244705974034,https://www.coursera.org/learn/serverless-agentic-workflows-with-amazon-bedrock,https://s3.amazonaws.com/coursera_assets/meta_images/generated/XDP/XDP~COURSE!~serverless-agentic-workflows-with-amazon-bedrock/XDP~COURSE!~serverless-agentic-workflows-with-amazon-bedrock.jpeg
rec_73f79907a19d,session_39ead40638ad,2,AWS Services for AI Solutions,Amazon Web Services,Information Technology,Cloud Computing,BEGINNER,6.0,4.63,0.4631507396697998,0.5706922664996557,https://www.coursera.org/learn/aws-services-for-ai-solutions,https://s3.amazonaws.com/coursera_assets/meta_images/generated/XDP/XDP~COURSE!~aws-services-for-ai-solutions/XDP~COURSE!~aws-services-for-ai-solutions.jpeg
rec_73f79907a19d,session_39ead40638ad,3,AI Fundamentals and the Cloud,Amazon Web Services,Information Technology,Cloud Computing,BEGINNER,5.0,4.52,0.44595247507095337,0.5555391087961197,https://www.coursera.org/learn/ai-fundamentals-and-the-cloud,https://s3.amazonaws.com/coursera_assets/meta_images/generated/XDP/XDP~COURSE!~ai-fundamentals-and-the-cloud/XDP~COURSE!~ai-fundamentals-and-the-cloud.jpeg
rec_73f79907a19d,session_39ead40638ad,4,Skills and Best Practices for Cloud Support Associates,Amazon Web Services,Information Technology,Support And Operations,BEGINNER,4.0,4.88,0.44194307923316956,0.5552807157872746,https://www.coursera.org/learn/skills-and-best-practices-for-cloud-support-associates,https://s3.amazonaws.com/coursera_assets/meta_images/generated/XDP/XDP~COURSE!~skills-and-best-practices-for-cloud-support-associates/XDP~COURSE!~skills-and-best-practices-for-cloud-support-associates.jpeg
rec_73f79907a19d,session_39ead40638ad,5,Fundamentals of Machine Learning and Artificial Intelligence,Amazon Web Services,Data Science,Machine Learning,NOT CALIBRATED,1.0,4.58,0.39838898181915283,0.5477871238967351,https://www.coursera.org/learn/fundamentals-of-machine-learning-and-artificial-intelligence,https://s3.amazonaws.com/coursera_assets/meta_images/generated/XDP/XDP~COURSE!~fundamentals-of-machine-learning-and-artificial-intelligence/XDP~COURSE!~fundamentals-of-machine-learning-and-artificial-intelligence.jpeg
rec_46e9fd4ead66,session_0f6a3273c2c7,1,Using Basic Formulas and Functions in Microsoft Excel,Coursera,Business,Business Essentials,BEGINNER,1.0,4.63,0.5603227019309998,0.6596200419694356,https://www.coursera.org/learn/using-basic-formulas-functions-microsoft-excel,https://s3.amazonaws.com/coursera_assets/meta_images/generated/XDP/XDP~COURSE!~using-basic-formulas-functions-microsoft-excel/XDP~COURSE!~using-basic-formulas-functions-microsoft-excel.jpeg
rec_46e9fd4ead66,session_0f6a3273c2c7,2,Copilot for Beginners: Sales Data Analysis in Excel,Coursera,Business,Business Strategy,BEGINNER,1.0,5.0,0.5898549556732178,0.6425545783304487,https://www.coursera.org/learn/copilot-for-beginners-sales-data-analysis-in-excel,https://s3.amazonaws.com/coursera_assets/meta_images/generated/XDP/XDP~COURSE!~copilot-for-beginners-sales-data-analysis-in-excel/XDP~COURSE!~copilot-for-beginners-sales-data-analysis-in-excel.jpeg
rec_46e9fd4ead66,session_0f6a3273c2c7,3,Data Analysis and Visualization with Generative AI in Excel,Microsoft,Business,Business Essentials,BEGINNER,24.0,4.81,0.5945041179656982,0.6396976766777038,https://www.coursera.org/learn/data-analysis-and-visualization-with-copilot-in-excel,https://s3.amazonaws.com/coursera_assets/meta_images/generated/XDP/XDP~COURSE!~data-analysis-and-visualization-with-copilot-in-excel/XDP~COURSE!~data-analysis-and-visualization-with-copilot-in-excel.jpeg
rec_46e9fd4ead66,session_0f6a3273c2c7,4,Advanced Quantitative Statistics with Excel,Coursera,Business,Business Essentials,BEGINNER,3.0,4.78,0.5594959855079651,0.6270272477230344,https://www.coursera.org/learn/advanced-quantitative-statistics-with-excel,https://s3.amazonaws.com/coursera_assets/meta_images/generated/XDP/XDP~COURSE!~advanced-quantitative-statistics-with-excel/XDP~COURSE!~advanced-quantitative-statistics-with-excel.jpeg
rec_46e9fd4ead66,session_0f6a3273c2c7,5,Advanced Data Analysis & Visualization with Copilot in Excel,Microsoft,Data Science,Data Analysis,BEGINNER,24.0,4.27,0.5875647068023682,0.6265702022786822,https://www.coursera.org/learn/advanced-data-analysis-and-visualization-with-copilot-in-excel,https://s3.amazonaws.com/coursera_assets/meta_images/generated/XDP/XDP~COURSE!~advanced-data-analysis-and-visualization-with-copilot-in-excel/XDP~COURSE!~advanced-data-analysis-and-visualization-with-copilot-in-excel.jpeg
rec_314b9c86d705,session_3ba1b84fd102,1,AI For Everyone,DeepLearning.AI,Business,Business Strategy,BEGINNER,6.0,4.78,0.5710747241973877,0.694598570728302,https://www.coursera.org/learn/ai-for-everyone,https://s3.amazonaws.com/coursera_assets/meta_images/generated/XDP/XDP~COURSE!~ai-for-everyone/XDP~COURSE!~ai-for-everyone.jpeg
rec_314b9c86d705,session_3ba1b84fd102,2,Introduction to Artificial Intelligence (AI),IBM,Data Science,Machine Learning,BEGINNER,12.0,4.7,0.5106808543205261,0.6498662695940562,https://www.coursera.org/learn/introduction-to-ai,https://s3.amazonaws.com/coursera_assets/meta_images/generated/XDP/XDP~COURSE!~introduction-to-ai/XDP~COURSE!~introduction-to-ai.jpeg
rec_314b9c86d705,session_3ba1b84fd102,3,Introduction to Deep Learning & Neural Networks with Keras,IBM,Data Science,Machine Learning,INTERMEDIATE,10.0,4.65,0.5235413312911987,0.6390752939107078,https://www.coursera.org/learn/introduction-to-deep-learning-with-keras,https://s3.amazonaws.com/coursera_assets/meta_images/generated/XDP/XDP~COURSE!~introduction-to-deep-learning-with-keras/XDP~COURSE!~introduction-to-deep-learning-with-keras.jpeg
rec_314b9c86d705,session_3ba1b84fd102,4,Introduction to AI,Google,Data Science,Machine Learning,BEGINNER,1.0,4.82,0.499908983707428,0.6325705536955425,https://www.coursera.org/learn/google-introduction-to-ai,https://s3.amazonaws.com/coursera_assets/meta_images/generated/XDP/XDP~COURSE!~google-introduction-to-ai/XDP~COURSE!~google-introduction-to-ai.jpeg
rec_314b9c86d705,session_3ba1b84fd102,5,AI Essentials,"SaÃ¯d Business School, University of Oxford",Business,Leadership And Management,BEGINNER,13.0,4.83,0.5276919603347778,0.6300372027890342,https://www.coursera.org/learn/oxford-ai-essentials,https://s3.amazonaws.com/coursera_assets/meta_images/generated/XDP/XDP~COURSE!~oxford-ai-essentials/XDP~COURSE!~oxford-ai-essentials.jpeg
rec_7664d0de7aca,session_5861ad56b305,1,Data Visualization and Reporting with Generative AI,Microsoft,Data Science,Data Analysis,INTERMEDIATE,15.0,4.71,0.5144214630126953,0.5936316652439663,https://www.coursera.org/learn/data-visualization-and-reporting-with-generative-ai,https://s3.amazonaws.com/coursera_assets/meta_images/generated/XDP/XDP~COURSE!~data-visualization-and-reporting-with-generative-ai/XDP~COURSE!~data-visualization-and-reporting-with-generative-ai.jpeg
rec_7664d0de7aca,session_5861ad56b305,2,Generative AI for Data Visualization and Data Storytelling,Coursera,Data Science,Data Analysis,INTERMEDIATE,2.0,4.06,0.4960065484046936,0.5872945421773365,https://www.coursera.org/learn/generative-ai-for-data-visualization-and-data-storytelling,https://s3.amazonaws.com/coursera_assets/meta_images/generated/XDP/XDP~COURSE!~generative-ai-for-data-visualization-and-data-storytelling/XDP~COURSE!~generative-ai-for-data-visualization-and-data-storytelling.jpeg
rec_7664d0de7aca,session_5861ad56b305,3,Discovering BI: From Warehousing to Interactive Dashboards,Coursera,Business,Business Essentials,BEGINNER,3.0,5.0,0.4710659086704254,0.5834951263500623,https://www.coursera.org/learn/discovering-bi-from-warehousing-to-interactive-dashboards,https://s3.amazonaws.com/coursera_assets/meta_images/generated/XDP/XDP~COURSE!~discovering-bi-from-warehousing-to-interactive-dashboards/XDP~COURSE!~discovering-bi-from-warehousing-to-interactive-dashboards.jpeg
rec_7664d0de7aca,session_5861ad56b305,4,"Data Analysis, Visualization, and Communication with Copilot",Microsoft,Data Science,Data Analysis,BEGINNER,6.0,4.67,0.4610235095024109,0.5723947097479958,https://www.coursera.org/learn/data-analysis-visualization-and-communication-with-copilot,https://s3.amazonaws.com/coursera_assets/meta_images/generated/XDP/XDP~COURSE!~data-analysis-visualization-and-communication-with-copilot/XDP~COURSE!~data-analysis-visualization-and-communication-with-copilot.jpeg
rec_7664d0de7aca,session_5861ad56b305,5,Copilot for Beginners: Sales Data Analysis in Excel,Coursera,Business,Business Strategy,BEGINNER,1.0,5.0,0.4317815899848938,0.567806890633038,https://www.coursera.org/learn/copilot-for-beginners-sales-data-analysis-in-excel,https://s3.amazonaws.com/coursera_assets/meta_images/generated/XDP/XDP~COURSE!~copilot-for-beginners-sales-data-analysis-in-excel/XDP~COURSE!~copilot-for-beginners-sales-data-analysis-in-excel.jpeg
rec_b3d7783a063f,session_3f37fc200467,1,AI Workflow: AI in Production,IBM,Data Science,Machine Learning,ADVANCED,17.0,4.45,0.46602851152420044,0.5549911039193017,https://www.coursera.org/learn/ibm-ai-workflow-ai-production,https://s3.amazonaws.com/coursera_assets/meta_images/generated/XDP/XDP~COURSE!~ibm-ai-workflow-ai-production/XDP~COURSE!~ibm-ai-workflow-ai-production.jpeg
rec_0d9f9b684f7d,session_564ac208dc07,1,Practical AI and prompting for finance professionals,AI Business School,Business,Business Strategy,INTERMEDIATE,10.0,5.0,0.7351908683776855,0.7305706358740671,https://www.coursera.org/learn/practical-ai-and-prompting-for-finance-professionals,https://s3.amazonaws.com/coursera_assets/meta_images/generated/XDP/XDP~COURSE!~practical-ai-and-prompting-for-finance-professionals/XDP~COURSE!~practical-ai-and-prompting-for-finance-professionals.jpeg
rec_0d9f9b684f7d,session_564ac208dc07,2,Introduction to AI for finance professionals,AI Business School,Business,Business Strategy,BEGINNER,6.0,4.14,0.71101975440979,0.7126794117949349,https://www.coursera.org/learn/introduction-to-ai-for-finance-professionals,https://s3.amazonaws.com/coursera_assets/meta_images/generated/XDP/XDP~COURSE!~introduction-to-ai-for-finance-professionals/XDP~COURSE!~introduction-to-ai-for-finance-professionals.jpeg
rec_0d9f9b684f7d,session_564ac208dc07,3,AI agents and creator tools for finance professionals,AI Business School,Business,Business Strategy,INTERMEDIATE,4.0,5.0,0.664726972579956,0.7040976750341144,https://www.coursera.org/learn/ai-agents-creator-tools-for-finance-professionals,https://s3.amazonaws.com/coursera_assets/meta_images/generated/XDP/XDP~COURSE!~ai-agents-creator-tools-for-finance-professionals/XDP~COURSE!~ai-agents-creator-tools-for-finance-professionals.jpeg
rec_0d9f9b684f7d,session_564ac208dc07,4,Introduction to Generative AI in Finance,Coursera,Business,Finance,BEGINNER,4.0,3.65,0.6838387250900269,0.6962823141656604,https://www.coursera.org/learn/introduction-to-generative-ai-in-finance,https://s3.amazonaws.com/coursera_assets/meta_images/generated/XDP/XDP~COURSE!~introduction-to-generative-ai-in-finance/XDP~COURSE!~introduction-to-generative-ai-in-finance.jpeg
rec_0d9f9b684f7d,session_564ac208dc07,5,Use AI as a Creative or Expert Partner,Google,Data Science,Machine Learning,BEGINNER,2.0,4.81,0.5842806696891785,0.6953772924408232,https://www.coursera.org/learn/google-use-ai-as-a-creative-or-expert-partner,https://s3.amazonaws.com/coursera_assets/meta_images/generated/XDP/XDP~COURSE!~google-use-ai-as-a-creative-or-expert-partner/XDP~COURSE!~google-use-ai-as-a-creative-or-expert-partner.jpeg
rec_65a657e353c0,session_9a2731ee2ad5,1,Generative AI for Legal Services Primer,Vanderbilt University,Social Sciences,Law,BEGINNER,5.0,4.75,0.6410666704177856,0.7035316214858465,https://www.coursera.org/learn/generative-ai-for-legal-services-primer,https://s3.amazonaws.com/coursera_assets/meta_images/generated/XDP/XDP~COURSE!~generative-ai-for-legal-services-primer/XDP~COURSE!~generative-ai-for-legal-services-primer.jpeg
rec_65a657e353c0,session_9a2731ee2ad5,2,Introduction to Generative AI in Legal,Coursera,Social Sciences,Law,BEGINNER,7.0,4.55,0.6141157150268555,0.6728566433388847,https://www.coursera.org/learn/introduction-to-generative-ai-in-legal,https://s3.amazonaws.com/coursera_assets/meta_images/generated/XDP/XDP~COURSE!~introduction-to-generative-ai-in-legal/XDP~COURSE!~introduction-to-generative-ai-in-legal.jpeg
rec_65a657e353c0,session_9a2731ee2ad5,3,Generative AI for Everyone,DeepLearning.AI,Data Science,Machine Learning,BEGINNER,5.0,4.8,0.4997749626636505,0.6550874400170872,https://www.coursera.org/learn/generative-ai-for-everyone,https://s3.amazonaws.com/coursera_assets/meta_images/generated/XDP/XDP~COURSE!~generative-ai-for-everyone/XDP~COURSE!~generative-ai-for-everyone.jpeg
rec_65a657e353c0,session_9a2731ee2ad5,4,GenAI for Paralegals: Streamlining Legal Drafting,Coursera,Data Science,Machine Learning,BEGINNER,3.0,4.5,0.5739949941635132,0.643581317634855,https://www.coursera.org/learn/genai-for-paralegals-streamlining-legal-drafting,https://s3.amazonaws.com/coursera_assets/meta_images/generated/XDP/XDP~COURSE!~genai-for-paralegals-streamlining-legal-drafting/XDP~COURSE!~genai-for-paralegals-streamlining-legal-drafting.jpeg
rec_65a657e353c0,session_9a2731ee2ad5,5,GenAI for Legal Research,Coursera,Social Sciences,Law,BEGINNER,4.0,3.77,0.5918991565704346,0.6339521660564968,https://www.coursera.org/learn/genai-for-legal-research,https://s3.amazonaws.com/coursera_assets/meta_images/generated/XDP/XDP~COURSE!~genai-for-legal-research/XDP~COURSE!~genai-for-legal-research.jpeg
rec_c3ffa36d682b,session_86add3d0393b,1,Generative AI for Data Visualization and Data Storytelling,Coursera,Data Science,Data Analysis,INTERMEDIATE,2.0,4.06,0.5194829702377319,0.6025542163688115,https://www.coursera.org/learn/generative-ai-for-data-visualization-and-data-storytelling,https://s3.amazonaws.com/coursera_assets/meta_images/generated/XDP/XDP~COURSE!~generative-ai-for-data-visualization-and-data-storytelling/XDP~COURSE!~generative-ai-for-data-visualization-and-data-storytelling.jpeg
rec_c3ffa36d682b,session_86add3d0393b,2,Data Visualization and Reporting with Generative AI,Microsoft,Data Science,Data Analysis,INTERMEDIATE,15.0,4.71,0.5277429223060608,0.6022906137846538,https://www.coursera.org/learn/data-visualization-and-reporting-with-generative-ai,https://s3.amazonaws.com/coursera_assets/meta_images/generated/XDP/XDP~COURSE!~data-visualization-and-reporting-with-generative-ai/XDP~COURSE!~data-visualization-and-reporting-with-generative-ai.jpeg
rec_c3ffa36d682b,session_86add3d0393b,3,Discovering BI: From Warehousing to Interactive Dashboards,Coursera,Business,Business Essentials,BEGINNER,3.0,5.0,0.48106569051742554,0.5899949845506123,https://www.coursera.org/learn/discovering-bi-from-warehousing-to-interactive-dashboards,https://s3.amazonaws.com/coursera_assets/meta_images/generated/XDP/XDP~COURSE!~discovering-bi-from-warehousing-to-interactive-dashboards/XDP~COURSE!~discovering-bi-from-warehousing-to-interactive-dashboards.jpeg
rec_c3ffa36d682b,session_86add3d0393b,4,AI-Powered Data Analysis: A Practical Introduction,University of Michigan,Data Science,Data Analysis,BEGINNER,3.0,4.4,0.47317075729370117,0.5859047065266201,https://www.coursera.org/learn/ai-powered-data-analysis-a-practical-introduction,https://s3.amazonaws.com/coursera_assets/meta_images/generated/XDP/XDP~COURSE!~ai-powered-data-analysis-a-practical-introduction/XDP~COURSE!~ai-powered-data-analysis-a-practical-introduction.jpeg
rec_c3ffa36d682b,session_86add3d0393b,5,Data Visualization with ChatGPT: Python for Dashboarding,Coursera,Data Science,Data Analysis,INTERMEDIATE,2.0,4.63,0.4691872298717499,0.5847394137023516,https://www.coursera.org/learn/data-visualization-with-chatgpt-python-for-dashboarding,https://s3.amazonaws.com/coursera_assets/meta_images/generated/XDP/XDP~COURSE!~data-visualization-with-chatgpt-python-for-dashboarding/XDP~COURSE!~data-visualization-with-chatgpt-python-for-dashboarding.jpeg
rec_e1ebb4c95caa,session_86add3d0393b,1,Discovering BI: From Warehousing to Interactive Dashboards,Coursera,Business,Business Essentials,BEGINNER,3.0,5.0,0.5454762578010559,0.631861853284972,https://www.coursera.org/learn/discovering-bi-from-warehousing-to-interactive-dashboards,https://s3.amazonaws.com/coursera_assets/meta_images/generated/XDP/XDP~COURSE!~discovering-bi-from-warehousing-to-interactive-dashboards/XDP~COURSE!~discovering-bi-from-warehousing-to-interactive-dashboards.jpeg
rec_e1ebb4c95caa,session_86add3d0393b,2,AI-Powered Data Analysis: A Practical Introduction,University of Michigan,Data Science,Data Analysis,BEGINNER,3.0,4.4,0.54178786277771,0.6305058250912257,https://www.coursera.org/learn/ai-powered-data-analysis-a-practical-introduction,https://s3.amazonaws.com/coursera_assets/meta_images/generated/XDP/XDP~COURSE!~ai-powered-data-analysis-a-practical-introduction/XDP~COURSE!~ai-powered-data-analysis-a-practical-introduction.jpeg
rec_e1ebb4c95caa,session_86add3d0393b,3,Data Visualization with ChatGPT: Python for Dashboarding,Coursera,Data Science,Data Analysis,INTERMEDIATE,2.0,4.63,0.5385305285453796,0.629812557840211,https://www.coursera.org/learn/data-visualization-with-chatgpt-python-for-dashboarding,https://s3.amazonaws.com/coursera_assets/meta_images/generated/XDP/XDP~COURSE!~data-visualization-with-chatgpt-python-for-dashboarding/XDP~COURSE!~data-visualization-with-chatgpt-python-for-dashboarding.jpeg
rec_e1ebb4c95caa,session_86add3d0393b,4,Data Analytics with Skills.AI: Create Data Visualizations,Coursera,Data Science,Data Analysis,INTERMEDIATE,2.0,5.0,0.522399365901947,0.6265221592648369,https://www.coursera.org/learn/data-analytics-with-skills-ai-create-data-visualizations,https://s3.amazonaws.com/coursera_assets/meta_images/generated/XDP/XDP~COURSE!~data-analytics-with-skills-ai-create-data-visualizations/XDP~COURSE!~data-analytics-with-skills-ai-create-data-visualizations.jpeg
rec_e1ebb4c95caa,session_86add3d0393b,5,Data Visualization and Reporting with Generative AI,Microsoft,Data Science,Data Analysis,INTERMEDIATE,15.0,4.71,0.5622435808181763,0.6247160418175289,https://www.coursera.org/learn/data-visualization-and-reporting-with-generative-ai,https://s3.amazonaws.com/coursera_assets/meta_images/generated/XDP/XDP~COURSE!~data-visualization-and-reporting-with-generative-ai/XDP~COURSE!~data-visualization-and-reporting-with-generative-ai.jpeg
rec_a852fb7cc5c0,session_4db90be275c2,1,Modernize Infrastructure and Applications with Google Cloud,Google Cloud,Business,Business Strategy,BEGINNER,1.0,4.73,0.5719940066337585,0.6848735328833715,https://www.coursera.org/learn/google-cloud-product-fundamentals,https://s3.amazonaws.com/coursera_assets/meta_images/generated/XDP/XDP~COURSE!~google-cloud-product-fundamentals/XDP~COURSE!~google-cloud-product-fundamentals.jpeg
rec_a852fb7cc5c0,session_4db90be275c2,2,Innovating with Google Cloud Artificial Intelligence,Google Cloud,Information Technology,Cloud Computing,BEGINNER,1.0,4.81,0.5808234214782715,0.6778360811037335,https://www.coursera.org/learn/innovating-with-google-cloud-artificial-intelligence,https://s3.amazonaws.com/coursera_assets/meta_images/generated/XDP/XDP~COURSE!~innovating-with-google-cloud-artificial-intelligence/XDP~COURSE!~innovating-with-google-cloud-artificial-intelligence.jpeg
rec_a852fb7cc5c0,session_4db90be275c2,3,Digital Transformation with Google Cloud,Google Cloud,Information Technology,Cloud Computing,BEGINNER,2.0,4.77,0.5149384140968323,0.6535531120200837,https://www.coursera.org/learn/digital-transformation-google-cloud,https://s3.amazonaws.com/coursera_assets/meta_images/generated/XDP/XDP~COURSE!~digital-transformation-google-cloud/XDP~COURSE!~digital-transformation-google-cloud.jpeg
rec_a852fb7cc5c0,session_4db90be275c2,4,Introduction to AI and Machine Learning on Google Cloud,Google Cloud,Information Technology,Cloud Computing,BEGINNER,8.0,4.59,0.5525640845298767,0.6521600835158483,https://www.coursera.org/learn/introduction-to-ai-and-machine-learning-on-google-cloud,https://s3.amazonaws.com/coursera_assets/meta_images/generated/XDP/XDP~COURSE!~introduction-to-ai-and-machine-learning-on-google-cloud/XDP~COURSE!~introduction-to-ai-and-machine-learning-on-google-cloud.jpeg
rec_a852fb7cc5c0,session_4db90be275c2,5,Machine Learning Operations (MLOps): Getting Started,Google Cloud,Data Science,Machine Learning,INTERMEDIATE,3.0,4.04,0.5576058030128479,0.6492757719583513,https://www.coursera.org/learn/mlops-fundamentals,https://s3.amazonaws.com/coursera_assets/meta_images/generated/XDP/XDP~COURSE!~mlops-fundamentals/XDP~COURSE!~mlops-fundamentals.jpeg
rec_b77a5eb1d3da,session_7de9b13a7067,1,"Azure ML: Deploying, Managing, and Experimenting with Models",Whizlabs,Information Technology,Data Management,ADVANCED,7.0,4.5,0.5569299459457397,0.597179322007588,https://www.coursera.org/learn/azure-ml-deploying-managing-and-experimenting-with-models,https://s3.amazonaws.com/coursera_assets/meta_images/generated/XDP/XDP~COURSE!~azure-ml-deploying-managing-and-experimenting-with-models/XDP~COURSE!~azure-ml-deploying-managing-and-experimenting-with-models.jpeg
rec_3238fed55c57,session_3d5429edf0d2,1,Use AI as a Creative or Expert Partner,Google,Data Science,Machine Learning,BEGINNER,2.0,4.81,0.5753874778747559,0.6935967177614484,https://www.coursera.org/learn/google-use-ai-as-a-creative-or-expert-partner,https://s3.amazonaws.com/coursera_assets/meta_images/generated/XDP/XDP~COURSE!~google-use-ai-as-a-creative-or-expert-partner/XDP~COURSE!~google-use-ai-as-a-creative-or-expert-partner.jpeg
rec_3238fed55c57,session_3d5429edf0d2,2,Generative AI for Everyone,DeepLearning.AI,Data Science,Machine Learning,BEGINNER,5.0,4.8,0.5339665412902832,0.6773119661243983,https://www.coursera.org/learn/generative-ai-for-everyone,https://s3.amazonaws.com/coursera_assets/meta_images/generated/XDP/XDP~COURSE!~generative-ai-for-everyone/XDP~COURSE!~generative-ai-for-everyone.jpeg
rec_3238fed55c57,session_3d5429edf0d2,3,Gen AI Foundational Models for NLP & Language Understanding,IBM,Data Science,Machine Learning,INTERMEDIATE,9.0,4.46,0.5805074572563171,0.6611815615023204,https://www.coursera.org/learn/gen-ai-foundational-models-for-nlp-and-language-understanding,https://s3.amazonaws.com/coursera_assets/meta_images/generated/XDP/XDP~COURSE!~gen-ai-foundational-models-for-nlp-and-language-understanding/XDP~COURSE!~gen-ai-foundational-models-for-nlp-and-language-understanding.jpeg
rec_3238fed55c57,session_3d5429edf0d2,4,Natural Language Processing on Google Cloud,Google Cloud,Data Science,Machine Learning,ADVANCED,8.0,4.41,0.5685330629348755,0.6519764909076691,https://www.coursera.org/learn/sequence-models-tensorflow-gcp,https://s3.amazonaws.com/coursera_assets/meta_images/generated/XDP/XDP~COURSE!~sequence-models-tensorflow-gcp/XDP~COURSE!~sequence-models-tensorflow-gcp.jpeg
rec_3238fed55c57,session_3d5429edf0d2,5,Building Autonomous AI Agents with LangGraph,Packt,Information Technology,Networking,INTERMEDIATE,6.0,4.51,0.5703379511833191,0.649269953983443,https://www.coursera.org/learn/packt-building-autonomous-ai-agents-with-langgraph-oyjym,https://s3.amazonaws.com/coursera_assets/meta_images/generated/XDP/XDP~COURSE!~packt-building-autonomous-ai-agents-with-langgraph-oyjym/XDP~COURSE!~packt-building-autonomous-ai-agents-with-langgraph-oyjym.jpeg
rec_c80355325595,session_2be5c9c34c3f,1,Generative AI for Data Visualization and Data Storytelling,Coursera,Data Science,Data Analysis,INTERMEDIATE,2.0,4.06,0.5683658123016357,0.630328063710349,https://www.coursera.org/learn/generative-ai-for-data-visualization-and-data-storytelling,https://s3.amazonaws.com/coursera_assets/meta_images/generated/XDP/XDP~COURSE!~generative-ai-for-data-visualization-and-data-storytelling/XDP~COURSE!~generative-ai-for-data-visualization-and-data-storytelling.jpeg
rec_c80355325595,session_2be5c9c34c3f,2,Creating Impactful Data Visualizations with Generative AI,Coursera,Data Science,Data Analysis,INTERMEDIATE,5.0,4.0,0.5401464700698853,0.5850549198311397,https://www.coursera.org/learn/creating-impactful-data-visualizations-with-generative-ai,https://s3.amazonaws.com/coursera_assets/meta_images/generated/XDP/XDP~COURSE!~creating-impactful-data-visualizations-with-generative-ai/XDP~COURSE!~creating-impactful-data-visualizations-with-generative-ai.jpeg
rec_c80355325595,session_2be5c9c34c3f,3,Data Analytics with Skills.AI: Create Data Visualizations,Coursera,Data Science,Data Analysis,INTERMEDIATE,2.0,5.0,0.45119017362594604,0.5762361842854364,https://www.coursera.org/learn/data-analytics-with-skills-ai-create-data-visualizations,https://s3.amazonaws.com/coursera_assets/meta_images/generated/XDP/XDP~COURSE!~data-analytics-with-skills-ai-create-data-visualizations/XDP~COURSE!~data-analytics-with-skills-ai-create-data-visualizations.jpeg
rec_c80355325595,session_2be5c9c34c3f,4,Data Visualization with ChatGPT: Python for Dashboarding,Coursera,Data Science,Data Analysis,INTERMEDIATE,2.0,4.63,0.45859506726264954,0.5738545080064366,https://www.coursera.org/learn/data-visualization-with-chatgpt-python-for-dashboarding,https://s3.amazonaws.com/coursera_assets/meta_images/generated/XDP/XDP~COURSE!~data-visualization-with-chatgpt-python-for-dashboarding/XDP~COURSE!~data-visualization-with-chatgpt-python-for-dashboarding.jpeg
rec_c80355325595,session_2be5c9c34c3f,5,"Data Analysis, Visualization, and Communication with Copilot",Microsoft,Data Science,Data Analysis,BEGINNER,6.0,4.67,0.47895348072052,0.5720491910397667,https://www.coursera.org/learn/data-analysis-visualization-and-communication-with-copilot,https://s3.amazonaws.com/coursera_assets/meta_images/generated/XDP/XDP~COURSE!~data-analysis-visualization-and-communication-with-copilot/XDP~COURSE!~data-analysis-visualization-and-communication-with-copilot.jpeg
rec_9fe7a266f949,session_da1adf7927a4,1,Generative AI for Everyone,DeepLearning.AI,Data Science,Machine Learning,BEGINNER,5.0,4.8,0.5198938846588135,0.648164739313943,https://www.coursera.org/learn/generative-ai-for-everyone,https://s3.amazonaws.com/coursera_assets/meta_images/generated/XDP/XDP~COURSE!~generative-ai-for-everyone/XDP~COURSE!~generative-ai-for-everyone.jpeg
rec_9fe7a266f949,session_da1adf7927a4,2,Fundamentals of AI Agents Using RAG and LangChain,IBM,Data Science,Machine Learning,INTERMEDIATE,7.0,4.58,0.5289744734764099,0.6323811220453808,https://www.coursera.org/learn/fundamentals-of-ai-agents-using-rag-and-langchain,https://s3.amazonaws.com/coursera_assets/meta_images/generated/XDP/XDP~COURSE!~fundamentals-of-ai-agents-using-rag-and-langchain/XDP~COURSE!~fundamentals-of-ai-agents-using-rag-and-langchain.jpeg
rec_9fe7a266f949,session_da1adf7927a4,3,Advanced Prompt Engineering for Everyone,Vanderbilt University,Data Science,Machine Learning,INTERMEDIATE,8.0,4.78,0.5174630880355835,0.6307427215088435,https://www.coursera.org/learn/advanced-prompt-engineering-for-everyone,https://s3.amazonaws.com/coursera_assets/meta_images/generated/XDP/XDP~COURSE!~advanced-prompt-engineering-for-everyone/XDP~COURSE!~advanced-prompt-engineering-for-everyone.jpeg
rec_9fe7a266f949,session_da1adf7927a4,4,Project: Generative AI Applications with RAG and LangChain,IBM,Data Science,Machine Learning,INTERMEDIATE,9.0,4.78,0.5231378078460693,0.6301970036713735,https://www.coursera.org/learn/project-generative-ai-applications-with-rag-and-langchain,https://s3.amazonaws.com/coursera_assets/meta_images/generated/XDP/XDP~COURSE!~project-generative-ai-applications-with-rag-and-langchain/XDP~COURSE!~project-generative-ai-applications-with-rag-and-langchain.jpeg
rec_9fe7a266f949,session_da1adf7927a4,5,Use AI as a Creative or Expert Partner,Google,Data Science,Machine Learning,BEGINNER,2.0,4.81,0.5098949670791626,0.6250265857443129,https://www.coursera.org/learn/google-use-ai-as-a-creative-or-expert-partner,https://s3.amazonaws.com/coursera_assets/meta_images/generated/XDP/XDP~COURSE!~google-use-ai-as-a-creative-or-expert-partner/XDP~COURSE!~google-use-ai-as-a-creative-or-expert-partner.jpeg
rec_d8b0b0e7bc96,session_a52d401ffa69,1,GenAI for Customer Insights,Coursera,Business,Marketing,BEGINNER,3.0,4.75,0.546501874923706,0.6252805044146945,https://www.coursera.org/learn/genai-for-customer-insights,https://s3.amazonaws.com/coursera_assets/meta_images/generated/XDP/XDP~COURSE!~genai-for-customer-insights/XDP~COURSE!~genai-for-customer-insights.jpeg
rec_d8b0b0e7bc96,session_a52d401ffa69,2,Enhancing Customer Insights with Generative AI,Coursera,Business,Leadership And Management,INTERMEDIATE,3.0,5.0,0.521499752998352,0.6184919823060717,https://www.coursera.org/learn/enhancing-customer-insights-with-generative-ai,https://s3.amazonaws.com/coursera_assets/meta_images/generated/XDP/XDP~COURSE!~enhancing-customer-insights-with-generative-ai/XDP~COURSE!~enhancing-customer-insights-with-generative-ai.jpeg
rec_d8b0b0e7bc96,session_a52d401ffa69,3,"Customer Data, Analytics, and Segmentation",Microsoft,Business,Business Essentials,BEGINNER,5.0,4.0,0.5548730492591858,0.6125309105898993,https://www.coursera.org/learn/customer-data-analytics-and-segmentation,https://s3.amazonaws.com/coursera_assets/meta_images/generated/XDP/XDP~COURSE!~customer-data-analytics-and-segmentation/XDP~COURSE!~customer-data-analytics-and-segmentation.jpeg
rec_d8b0b0e7bc96,session_a52d401ffa69,4,GenAI for Customer Analytics and Insights with JUNE,Coursera,Data Science,Data Analysis,INTERMEDIATE,3.0,5.0,0.5187149047851562,0.6116409738246373,https://www.coursera.org/learn/genai-customer-analytics-and-insights-with-june,https://s3.amazonaws.com/coursera_assets/meta_images/generated/XDP/XDP~COURSE!~genai-customer-analytics-and-insights-with-june/XDP~COURSE!~genai-customer-analytics-and-insights-with-june.jpeg
rec_d8b0b0e7bc96,session_a52d401ffa69,5,Applications of Copilot in the Workplace,Microsoft,Information Technology,Support And Operations,BEGINNER,6.0,4.67,0.49734508991241455,0.6037145941573552,https://www.coursera.org/learn/applications-of-copilot-in-the-workplace,https://s3.amazonaws.com/coursera_assets/meta_images/generated/XDP/XDP~COURSE!~applications-of-copilot-in-the-workplace/XDP~COURSE!~applications-of-copilot-in-the-workplace.jpeg
rec_84bc90c38681,session_c24539d02c8d,1,GenAI for Customer Insights,Coursera,Business,Marketing,BEGINNER,3.0,4.75,0.711804986000061,0.7087275266143254,https://www.coursera.org/learn/genai-for-customer-insights,https://s3.amazonaws.com/coursera_assets/meta_images/generated/XDP/XDP~COURSE!~genai-for-customer-insights/XDP~COURSE!~genai-for-customer-insights.jpeg
rec_84bc90c38681,session_c24539d02c8d,2,Enhancing Customer Insights with Generative AI,Coursera,Business,Leadership And Management,INTERMEDIATE,3.0,5.0,0.6307706236839294,0.665518048251697,https://www.coursera.org/learn/enhancing-customer-insights-with-generative-ai,https://s3.amazonaws.com/coursera_assets/meta_images/generated/XDP/XDP~COURSE!~enhancing-customer-insights-with-generative-ai/XDP~COURSE!~enhancing-customer-insights-with-generative-ai.jpeg
rec_84bc90c38681,session_c24539d02c8d,3,GenAI for Sales Analytics,Coursera,Data Science,Machine Learning,BEGINNER,4.0,4.5,0.6517957448959351,0.6615135198966435,https://www.coursera.org/learn/genai-for-sales-analytics,https://s3.amazonaws.com/coursera_assets/meta_images/generated/XDP/XDP~COURSE!~genai-for-sales-analytics/XDP~COURSE!~genai-for-sales-analytics.jpeg
rec_84bc90c38681,session_c24539d02c8d,4,GenAI for Customer Communication,Coursera,Data Science,Machine Learning,INTERMEDIATE,4.0,5.0,0.620290994644165,0.6601360036615646,https://www.coursera.org/learn/genai-for-customer-communication,https://s3.amazonaws.com/coursera_assets/meta_images/generated/XDP/XDP~COURSE!~genai-for-customer-communication/XDP~COURSE!~genai-for-customer-communication.jpeg
rec_84bc90c38681,session_c24539d02c8d,5,GenAI for Customer Analytics and Insights with JUNE,Coursera,Data Science,Data Analysis,INTERMEDIATE,3.0,5.0,0.6276319026947021,0.6584370224658422,https://www.coursera.org/learn/genai-customer-analytics-and-insights-with-june,https://s3.amazonaws.com/coursera_assets/meta_images/generated/XDP/XDP~COURSE!~genai-customer-analytics-and-insights-with-june/XDP~COURSE!~genai-customer-analytics-and-insights-with-june.jpeg
rec_0d784fca8394,session_4e98c2ad50e3,1,Data-Driven Decision Making in Account Management,Microsoft,Business,Marketing,ADVANCED,20.0,4.65,0.569531261920929,0.47586303453431816,https://www.coursera.org/learn/microsoft-data-driven-decision-making-in-account-management,https://s3.amazonaws.com/coursera_assets/meta_images/generated/XDP/XDP~COURSE!~microsoft-data-driven-decision-making-in-account-management/XDP~COURSE!~microsoft-data-driven-decision-making-in-account-management.jpeg
rec_089500e94c5b,session_040a1d20d63b,1,"Create Embeddings, Vector Search, and RAG with BigQuery",Google Cloud,Information Technology,Cloud Computing,ADVANCED,2.0,4.75,0.5991818904876709,0.6635770859598432,https://www.coursera.org/learn/create-embeddings-vector-search-and-rag-with-bigquery,https://s3.amazonaws.com/coursera_assets/meta_images/generated/XDP/XDP~COURSE!~create-embeddings-vector-search-and-rag-with-bigquery/XDP~COURSE!~create-embeddings-vector-search-and-rag-with-bigquery.jpeg
rec_d782a5629623,session_fafa9e63a6de,1,AI Workflow: AI in Production,IBM,Data Science,Machine Learning,ADVANCED,17.0,4.45,0.5888375043869019,0.6408169492800577,https://www.coursera.org/learn/ibm-ai-workflow-ai-production,https://s3.amazonaws.com/coursera_assets/meta_images/generated/XDP/XDP~COURSE!~ibm-ai-workflow-ai-production/XDP~COURSE!~ibm-ai-workflow-ai-production.jpeg
rec_d782a5629623,session_fafa9e63a6de,2,Optimizing and Deploying LLM Systems,Edureka,Data Science,Machine Learning,ADVANCED,10.0,4.0,0.4833938181400299,0.4393148389338766,https://www.coursera.org/learn/optimizing-deploying-llm-systems,https://s3.amazonaws.com/coursera_assets/meta_images/generated/XDP/XDP~COURSE!~optimizing-deploying-llm-systems/XDP~COURSE!~optimizing-deploying-llm-systems.jpeg
rec_8827499b3510,session_4d6664afbd46,1,Introduction to Generative AI in Legal,Coursera,Social Sciences,Law,BEGINNER,7.0,4.55,0.5888157486915588,0.650411665220942,https://www.coursera.org/learn/introduction-to-generative-ai-in-legal,https://s3.amazonaws.com/coursera_assets/meta_images/generated/XDP/XDP~COURSE!~introduction-to-generative-ai-in-legal/XDP~COURSE!~introduction-to-generative-ai-in-legal.jpeg
rec_8827499b3510,session_4d6664afbd46,2,AI & Law,Lund University,Social Sciences,Law,BEGINNER,16.0,4.7,0.5685854554176331,0.6450085460214615,https://www.coursera.org/learn/ai-law,https://s3.amazonaws.com/coursera_assets/meta_images/generated/XDP/XDP~COURSE!~ai-law/XDP~COURSE!~ai-law.jpeg
rec_8827499b3510,session_4d6664afbd46,3,Generative AI for Legal Services Primer,Vanderbilt University,Social Sciences,Law,BEGINNER,5.0,4.75,0.5814371109008789,0.644772407799857,https://www.coursera.org/learn/generative-ai-for-legal-services-primer,https://s3.amazonaws.com/coursera_assets/meta_images/generated/XDP/XDP~COURSE!~generative-ai-for-legal-services-primer/XDP~COURSE!~generative-ai-for-legal-services-primer.jpeg
rec_8827499b3510,session_4d6664afbd46,4,GenAI for Legal Researchers: Accelerating Case Analysis,Coursera,Data Science,Machine Learning,INTERMEDIATE,6.0,4.6,0.5544556379318237,0.617379593227114,https://www.coursera.org/learn/genai-for-legal-researchers-accelerating-case-analysis,https://s3.amazonaws.com/coursera_assets/meta_images/generated/XDP/XDP~COURSE!~genai-for-legal-researchers-accelerating-case-analysis/XDP~COURSE!~genai-for-legal-researchers-accelerating-case-analysis.jpeg
rec_8827499b3510,session_4d6664afbd46,5,GenAI for Paralegals: Streamlining Legal Drafting,Coursera,Data Science,Machine Learning,BEGINNER,3.0,4.5,0.5656980276107788,0.6141882893755777,https://www.coursera.org/learn/genai-for-paralegals-streamlining-legal-drafting,https://s3.amazonaws.com/coursera_assets/meta_images/generated/XDP/XDP~COURSE!~genai-for-paralegals-streamlining-legal-drafting/XDP~COURSE!~genai-for-paralegals-streamlining-legal-drafting.jpeg
rec_43038facb3f2,session_3886dc2e432f,1,Data Visualization and Reporting with Generative AI,Microsoft,Data Science,Data Analysis,INTERMEDIATE,15.0,4.71,0.48390093445777893,0.5837933216832705,https://www.coursera.org/learn/data-visualization-and-reporting-with-generative-ai,https://s3.amazonaws.com/coursera_assets/meta_images/generated/XDP/XDP~COURSE!~data-visualization-and-reporting-with-generative-ai/XDP~COURSE!~data-visualization-and-reporting-with-generative-ai.jpeg
rec_43038facb3f2,session_3886dc2e432f,2,Visualization for Data Analysis with Power BI,Microsoft,Data Science,Data Analysis,BEGINNER,22.0,4.77,0.49500465393066406,0.5791801679120745,https://www.coursera.org/learn/visualization-for-data-analysis-with-power-bi,https://s3.amazonaws.com/coursera_assets/meta_images/generated/XDP/XDP~COURSE!~visualization-for-data-analysis-with-power-bi/XDP~COURSE!~visualization-for-data-analysis-with-power-bi.jpeg
rec_43038facb3f2,session_3886dc2e432f,3,"Data Analysis, Visualization, and Communication with Copilot",Microsoft,Data Science,Data Analysis,BEGINNER,6.0,4.67,0.4795374870300293,0.5764287951409477,https://www.coursera.org/learn/data-analysis-visualization-and-communication-with-copilot,https://s3.amazonaws.com/coursera_assets/meta_images/generated/XDP/XDP~COURSE!~data-analysis-visualization-and-communication-with-copilot/XDP~COURSE!~data-analysis-visualization-and-communication-with-copilot.jpeg
rec_43038facb3f2,session_3886dc2e432f,4,Advanced Data Analysis & Visualization with Copilot in Excel,Microsoft,Data Science,Data Analysis,BEGINNER,24.0,4.27,0.48201847076416016,0.557965148853847,https://www.coursera.org/learn/advanced-data-analysis-and-visualization-with-copilot-in-excel,https://s3.amazonaws.com/coursera_assets/meta_images/generated/XDP/XDP~COURSE!~advanced-data-analysis-and-visualization-with-copilot-in-excel/XDP~COURSE!~advanced-data-analysis-and-visualization-with-copilot-in-excel.jpeg
rec_43038facb3f2,session_3886dc2e432f,5,Generative AI for Data Visualization and Data Storytelling,Coursera,Data Science,Data Analysis,INTERMEDIATE,2.0,4.06,0.48782503604888916,0.5559765591460637,https://www.coursera.org/learn/generative-ai-for-data-visualization-and-data-storytelling,https://s3.amazonaws.com/coursera_assets/meta_images/generated/XDP/XDP~COURSE!~generative-ai-for-data-visualization-and-data-storytelling/XDP~COURSE!~generative-ai-for-data-visualization-and-data-storytelling.jpeg
rec_b9f09b21dd26,session_13169f65b6dc,1,Generative AI for Legal Services Primer,Vanderbilt University,Social Sciences,Law,BEGINNER,5.0,4.75,0.6410666704177856,0.6835316214858465,https://www.coursera.org/learn/generative-ai-for-legal-services-primer,https://s3.amazonaws.com/coursera_assets/meta_images/generated/XDP/XDP~COURSE!~generative-ai-for-legal-services-primer/XDP~COURSE!~generative-ai-for-legal-services-primer.jpeg
rec_b9f09b21dd26,session_13169f65b6dc,2,Introduction to Generative AI in Legal,Coursera,Social Sciences,Law,BEGINNER,7.0,4.55,0.6141157150268555,0.6668566433388847,https://www.coursera.org/learn/introduction-to-generative-ai-in-legal,https://s3.amazonaws.com/coursera_assets/meta_images/generated/XDP/XDP~COURSE!~introduction-to-generative-ai-in-legal/XDP~COURSE!~introduction-to-generative-ai-in-legal.jpeg
rec_b9f09b21dd26,session_13169f65b6dc,3,Introduction to Artificial Intelligence (AI),IBM,Data Science,Machine Learning,BEGINNER,12.0,4.7,0.48833319544792175,0.6353402913268635,https://www.coursera.org/learn/introduction-to-ai,https://s3.amazonaws.com/coursera_assets/meta_images/generated/XDP/XDP~COURSE!~introduction-to-ai/XDP~COURSE!~introduction-to-ai.jpeg
rec_b9f09b21dd26,session_13169f65b6dc,4,Generative AI for Everyone,DeepLearning.AI,Data Science,Machine Learning,BEGINNER,5.0,4.8,0.4997749626636505,0.6350874400170872,https://www.coursera.org/learn/generative-ai-for-everyone,https://s3.amazonaws.com/coursera_assets/meta_images/generated/XDP/XDP~COURSE!~generative-ai-for-everyone/XDP~COURSE!~generative-ai-for-everyone.jpeg
rec_b9f09b21dd26,session_13169f65b6dc,5,AI & Law,Lund University,Social Sciences,Law,BEGINNER,16.0,4.7,0.5318133234977722,0.621106660273552,https://www.coursera.org/learn/ai-law,https://s3.amazonaws.com/coursera_assets/meta_images/generated/XDP/XDP~COURSE!~ai-law/XDP~COURSE!~ai-law.jpeg
rec_3f3b8e2b2ab5,session_c1ceb5e7758d,1,Generative AI for Legal Services Primer,Vanderbilt University,Social Sciences,Law,BEGINNER,5.0,4.75,0.6410666704177856,0.6835316214858465,https://www.coursera.org/learn/generative-ai-for-legal-services-primer,https://s3.amazonaws.com/coursera_assets/meta_images/generated/XDP/XDP~COURSE!~generative-ai-for-legal-services-primer/XDP~COURSE!~generative-ai-for-legal-services-primer.jpeg
rec_3f3b8e2b2ab5,session_c1ceb5e7758d,2,Introduction to Generative AI in Legal,Coursera,Social Sciences,Law,BEGINNER,7.0,4.55,0.6141157150268555,0.6668566433388847,https://www.coursera.org/learn/introduction-to-generative-ai-in-legal,https://s3.amazonaws.com/coursera_assets/meta_images/generated/XDP/XDP~COURSE!~introduction-to-generative-ai-in-legal/XDP~COURSE!~introduction-to-generative-ai-in-legal.jpeg
rec_3f3b8e2b2ab5,session_c1ceb5e7758d,3,Introduction to Artificial Intelligence (AI),IBM,Data Science,Machine Learning,BEGINNER,12.0,4.7,0.48833319544792175,0.6353402913268635,https://www.coursera.org/learn/introduction-to-ai,https://s3.amazonaws.com/coursera_assets/meta_images/generated/XDP/XDP~COURSE!~introduction-to-ai/XDP~COURSE!~introduction-to-ai.jpeg
rec_3f3b8e2b2ab5,session_c1ceb5e7758d,4,Generative AI for Everyone,DeepLearning.AI,Data Science,Machine Learning,BEGINNER,5.0,4.8,0.4997749626636505,0.6350874400170872,https://www.coursera.org/learn/generative-ai-for-everyone,https://s3.amazonaws.com/coursera_assets/meta_images/generated/XDP/XDP~COURSE!~generative-ai-for-everyone/XDP~COURSE!~generative-ai-for-everyone.jpeg
rec_3f3b8e2b2ab5,session_c1ceb5e7758d,5,AI & Law,Lund University,Social Sciences,Law,BEGINNER,16.0,4.7,0.5318133234977722,0.621106660273552,https://www.coursera.org/learn/ai-law,https://s3.amazonaws.com/coursera_assets/meta_images/generated/XDP/XDP~COURSE!~ai-law/XDP~COURSE!~ai-law.jpeg
rec_51de94cdad6e,session_18b2b09fc8ee,1,Generative AI for Everyone,DeepLearning.AI,Data Science,Machine Learning,BEGINNER,5.0,4.8,0.6141068935394287,0.709403195086343,https://www.coursera.org/learn/generative-ai-for-everyone,https://s3.amazonaws.com/coursera_assets/meta_images/generated/XDP/XDP~COURSE!~generative-ai-for-everyone/XDP~COURSE!~generative-ai-for-everyone.jpeg
rec_51de94cdad6e,session_18b2b09fc8ee,2,Introduction to AI,Google,Data Science,Machine Learning,BEGINNER,1.0,4.82,0.5849601030349731,0.6878537812584469,https://www.coursera.org/learn/google-introduction-to-ai,https://s3.amazonaws.com/coursera_assets/meta_images/generated/XDP/XDP~COURSE!~google-introduction-to-ai/XDP~COURSE!~google-introduction-to-ai.jpeg
rec_51de94cdad6e,session_18b2b09fc8ee,3,Generative AI: Introduction and Applications,IBM,Data Science,Machine Learning,BEGINNER,8.0,4.64,0.5526240468025208,0.6686136304216386,https://www.coursera.org/learn/generative-ai-introduction-and-applications,https://s3.amazonaws.com/coursera_assets/meta_images/generated/XDP/XDP~COURSE!~generative-ai-introduction-and-applications/XDP~COURSE!~generative-ai-introduction-and-applications.jpeg
rec_51de94cdad6e,session_18b2b09fc8ee,4,The Rise of Generative AI,Board Infinity,Data Science,Machine Learning,BEGINNER,2.0,4.66,0.5989390015602112,0.6383457795855659,https://www.coursera.org/learn/the-rise-of-generative-ai,https://s3.amazonaws.com/coursera_assets/meta_images/generated/XDP/XDP~COURSE!~the-rise-of-generative-ai/XDP~COURSE!~the-rise-of-generative-ai.jpeg
rec_51de94cdad6e,session_18b2b09fc8ee,5,AI for Everyday Life,Kennesaw State University,Personal Development,Personal Development,BEGINNER,4.0,4.75,0.5564699172973633,0.634034589100429,https://www.coursera.org/learn/ai-for-everyday-life,https://s3.amazonaws.com/coursera_assets/meta_images/generated/XDP/XDP~COURSE!~ai-for-everyday-life/XDP~COURSE!~ai-for-everyday-life.jpeg
rec_bdda3a3af544,session_bd71707680c9,1,Generative AI for Legal Services Primer,Vanderbilt University,Social Sciences,Law,BEGINNER,5.0,4.75,0.6410666704177856,0.6835316214858465,https://www.coursera.org/learn/generative-ai-for-legal-services-primer,https://s3.amazonaws.com/coursera_assets/meta_images/generated/XDP/XDP~COURSE!~generative-ai-for-legal-services-primer/XDP~COURSE!~generative-ai-for-legal-services-primer.jpeg
rec_bdda3a3af544,session_bd71707680c9,2,Introduction to Generative AI in Legal,Coursera,Social Sciences,Law,BEGINNER,7.0,4.55,0.6141157150268555,0.6668566433388847,https://www.coursera.org/learn/introduction-to-generative-ai-in-legal,https://s3.amazonaws.com/coursera_assets/meta_images/generated/XDP/XDP~COURSE!~introduction-to-generative-ai-in-legal/XDP~COURSE!~introduction-to-generative-ai-in-legal.jpeg
rec_bdda3a3af544,session_bd71707680c9,3,Introduction to Artificial Intelligence (AI),IBM,Data Science,Machine Learning,BEGINNER,12.0,4.7,0.48833319544792175,0.6353402913268635,https://www.coursera.org/learn/introduction-to-ai,https://s3.amazonaws.com/coursera_assets/meta_images/generated/XDP/XDP~COURSE!~introduction-to-ai/XDP~COURSE!~introduction-to-ai.jpeg
rec_bdda3a3af544,session_bd71707680c9,4,Generative AI for Everyone,DeepLearning.AI,Data Science,Machine Learning,BEGINNER,5.0,4.8,0.4997749626636505,0.6350874400170872,https://www.coursera.org/learn/generative-ai-for-everyone,https://s3.amazonaws.com/coursera_assets/meta_images/generated/XDP/XDP~COURSE!~generative-ai-for-everyone/XDP~COURSE!~generative-ai-for-everyone.jpeg
rec_bdda3a3af544,session_bd71707680c9,5,AI & Law,Lund University,Social Sciences,Law,BEGINNER,16.0,4.7,0.5318133234977722,0.621106660273552,https://www.coursera.org/learn/ai-law,https://s3.amazonaws.com/coursera_assets/meta_images/generated/XDP/XDP~COURSE!~ai-law/XDP~COURSE!~ai-law.jpeg
rec_0a59e1112050,session_56999969af42,1,Generative AI for Legal Services Primer,Vanderbilt University,Social Sciences,Law,BEGINNER,5.0,4.75,0.6410666704177856,0.6835316214858465,https://www.coursera.org/learn/generative-ai-for-legal-services-primer,https://s3.amazonaws.com/coursera_assets/meta_images/generated/XDP/XDP~COURSE!~generative-ai-for-legal-services-primer/XDP~COURSE!~generative-ai-for-legal-services-primer.jpeg
rec_0a59e1112050,session_56999969af42,2,Introduction to Generative AI in Legal,Coursera,Social Sciences,Law,BEGINNER,7.0,4.55,0.6141157150268555,0.6668566433388847,https://www.coursera.org/learn/introduction-to-generative-ai-in-legal,https://s3.amazonaws.com/coursera_assets/meta_images/generated/XDP/XDP~COURSE!~introduction-to-generative-ai-in-legal/XDP~COURSE!~introduction-to-generative-ai-in-legal.jpeg
rec_0a59e1112050,session_56999969af42,3,Introduction to Artificial Intelligence (AI),IBM,Data Science,Machine Learning,BEGINNER,12.0,4.7,0.48833319544792175,0.6353402913268635,https://www.coursera.org/learn/introduction-to-ai,https://s3.amazonaws.com/coursera_assets/meta_images/generated/XDP/XDP~COURSE!~introduction-to-ai/XDP~COURSE!~introduction-to-ai.jpeg
rec_0a59e1112050,session_56999969af42,4,Generative AI for Everyone,DeepLearning.AI,Data Science,Machine Learning,BEGINNER,5.0,4.8,0.4997749626636505,0.6350874400170872,https://www.coursera.org/learn/generative-ai-for-everyone,https://s3.amazonaws.com/coursera_assets/meta_images/generated/XDP/XDP~COURSE!~generative-ai-for-everyone/XDP~COURSE!~generative-ai-for-everyone.jpeg
rec_0a59e1112050,session_56999969af42,5,AI & Law,Lund University,Social Sciences,Law,BEGINNER,16.0,4.7,0.5318133234977722,0.621106660273552,https://www.coursera.org/learn/ai-law,https://s3.amazonaws.com/coursera_assets/meta_images/generated/XDP/XDP~COURSE!~ai-law/XDP~COURSE!~ai-law.jpeg
rec_8c4ebf426b2b,session_6a8973dd80fd,1,Discovering BI: From Warehousing to Interactive Dashboards,Coursera,Business,Business Essentials,BEGINNER,3.0,5.0,0.4865860641002655,0.5935832273794583,https://www.coursera.org/learn/discovering-bi-from-warehousing-to-interactive-dashboards,https://s3.amazonaws.com/coursera_assets/meta_images/generated/XDP/XDP~COURSE!~discovering-bi-from-warehousing-to-interactive-dashboards/XDP~COURSE!~discovering-bi-from-warehousing-to-interactive-dashboards.jpeg
rec_8c4ebf426b2b,session_6a8973dd80fd,2,Databases and SQL for Data Science with Python,IBM,Data Science,Data Analysis,BEGINNER,18.0,4.65,0.44681546092033386,0.5884743353125028,https://www.coursera.org/learn/sql-data-science,https://s3.amazonaws.com/coursera_assets/meta_images/generated/XDP/XDP~COURSE!~sql-data-science/XDP~COURSE!~sql-data-science.jpeg
rec_8c4ebf426b2b,session_6a8973dd80fd,3,Open Data and Intelligent Finance,"SaÃ¯d Business School, University of Oxford",Business,Finance,BEGINNER,15.0,4.8,0.47123396396636963,0.5612509337209974,https://www.coursera.org/learn/open-data-and-intelligent-finance,https://s3.amazonaws.com/coursera_assets/meta_images/generated/XDP/XDP~COURSE!~open-data-and-intelligent-finance/XDP~COURSE!~open-data-and-intelligent-finance.jpeg
rec_8c4ebf426b2b,session_6a8973dd80fd,4,Introduction to Relational Databases (RDBMS),IBM,Information Technology,Data Management,BEGINNER,16.0,4.58,0.4150260090827942,0.5534546201895305,https://www.coursera.org/learn/introduction-to-relational-databases,https://s3.amazonaws.com/coursera_assets/meta_images/generated/XDP/XDP~COURSE!~introduction-to-relational-databases/XDP~COURSE!~introduction-to-relational-databases.jpeg
rec_8c4ebf426b2b,session_6a8973dd80fd,5,Data Warehouse Fundamentals,IBM,Information Technology,Data Management,INTERMEDIATE,15.0,4.51,0.42163383960723877,0.5511499957447052,https://www.coursera.org/learn/data-warehouse-fundamentals,https://s3.amazonaws.com/coursera_assets/meta_images/generated/XDP/XDP~COURSE!~data-warehouse-fundamentals/XDP~COURSE!~data-warehouse-fundamentals.jpeg
rec_93af3e2613d6,session_63eef653f761,1,Using Basic Formulas and Functions in Microsoft Excel,Coursera,Business,Business Essentials,BEGINNER,1.0,4.63,0.5603227019309998,0.6876200419694355,https://www.coursera.org/learn/using-basic-formulas-functions-microsoft-excel,https://s3.amazonaws.com/coursera_assets/meta_images/generated/XDP/XDP~COURSE!~using-basic-formulas-functions-microsoft-excel/XDP~COURSE!~using-basic-formulas-functions-microsoft-excel.jpeg
rec_93af3e2613d6,session_63eef653f761,2,Copilot for Beginners: Sales Data Analysis in Excel,Coursera,Business,Business Strategy,BEGINNER,1.0,5.0,0.5898549556732178,0.6705545783304486,https://www.coursera.org/learn/copilot-for-beginners-sales-data-analysis-in-excel,https://s3.amazonaws.com/coursera_assets/meta_images/generated/XDP/XDP~COURSE!~copilot-for-beginners-sales-data-analysis-in-excel/XDP~COURSE!~copilot-for-beginners-sales-data-analysis-in-excel.jpeg
rec_93af3e2613d6,session_63eef653f761,3,Advanced Quantitative Statistics with Excel,Coursera,Business,Business Essentials,BEGINNER,3.0,4.78,0.5594959855079651,0.6510272477230343,https://www.coursera.org/learn/advanced-quantitative-statistics-with-excel,https://s3.amazonaws.com/coursera_assets/meta_images/generated/XDP/XDP~COURSE!~advanced-quantitative-statistics-with-excel/XDP~COURSE!~advanced-quantitative-statistics-with-excel.jpeg
rec_93af3e2613d6,session_63eef653f761,4,Microsoft Copilot for Excel: AI-Powered Data Analysis,Maven Analytics,Data Science,Data Analysis,BEGINNER,3.0,4.66,0.5141118764877319,0.6147998625741686,https://www.coursera.org/learn/copilot-for-excel,https://s3.amazonaws.com/coursera_assets/meta_images/generated/XDP/XDP~COURSE!~copilot-for-excel/XDP~COURSE!~copilot-for-excel.jpeg
rec_93af3e2613d6,session_63eef653f761,5,ChatGPT + Excel: Master AI-driven Formulas & Visualizations,Vanderbilt University,Business,Business Essentials,BEGINNER,4.0,4.82,0.4865962564945221,0.6119752810071537,https://www.coursera.org/learn/chatgpt-excel-formulas-visualizations,https://s3.amazonaws.com/coursera_assets/meta_images/generated/XDP/XDP~COURSE!~chatgpt-excel-formulas-visualizations/XDP~COURSE!~chatgpt-excel-formulas-visualizations.jpeg
rec_61a83729f2a7,session_cf87f9338cc6,1,AI Capstone Project with Deep Learning,IBM,Data Science,Machine Learning,ADVANCED,14.0,4.52,0.5712602138519287,0.6580514247180393,https://www.coursera.org/learn/ai-deep-learning-capstone,https://s3.amazonaws.com/coursera_assets/meta_images/generated/XDP/XDP~COURSE!~ai-deep-learning-capstone/XDP~COURSE!~ai-deep-learning-capstone.jpeg
rec_61a83729f2a7,session_cf87f9338cc6,2,Advanced Machine Learning and Deep Learning,Packt,Data Science,Data Analysis,ADVANCED,9.0,5.0,0.6045277118682861,0.6572584412858145,https://www.coursera.org/learn/packt-advanced-machine-learning-and-deep-learning-whixe,https://s3.amazonaws.com/coursera_assets/meta_images/generated/XDP/XDP~COURSE!~packt-advanced-machine-learning-and-deep-learning-whixe/XDP~COURSE!~packt-advanced-machine-learning-and-deep-learning-whixe.jpeg
rec_61a83729f2a7,session_cf87f9338cc6,3,Production Machine Learning Systems,Google Cloud,Data Science,Machine Learning,ADVANCED,18.0,4.59,0.5431406497955322,0.6218282795099531,https://www.coursera.org/learn/gcp-production-ml-systems,https://s3.amazonaws.com/coursera_assets/meta_images/generated/XDP/XDP~COURSE!~gcp-production-ml-systems/XDP~COURSE!~gcp-production-ml-systems.jpeg
rec_61a83729f2a7,session_cf87f9338cc6,4,"AI Workflow: Machine Learning, Visual Recognition and NLP",IBM,Data Science,Machine Learning,ADVANCED,13.0,4.43,0.5329993963241577,0.6189104647535597,https://www.coursera.org/learn/ibm-ai-workflow-machine-learning-vr-nlp,https://s3.amazonaws.com/coursera_assets/meta_images/generated/XDP/XDP~COURSE!~ibm-ai-workflow-machine-learning-vr-nlp/XDP~COURSE!~ibm-ai-workflow-machine-learning-vr-nlp.jpeg
rec_61a83729f2a7,session_cf87f9338cc6,5,AI Workflow: AI in Production,IBM,Data Science,Machine Learning,ADVANCED,17.0,4.45,0.5537115335464478,0.6119850682337625,https://www.coursera.org/learn/ibm-ai-workflow-ai-production,https://s3.amazonaws.com/coursera_assets/meta_images/generated/XDP/XDP~COURSE!~ibm-ai-workflow-ai-production/XDP~COURSE!~ibm-ai-workflow-ai-production.jpeg
rec_4b0813ca11a7,session_73a7fc4e8c58,1,"Creative AI: Sound, Music and Interaction",University of the Arts London,Computer Science,Algorithms,BEGINNER,10.0,5.0,0.5745691657066345,0.6358156719950268,https://www.coursera.org/learn/creative-ai-sound,https://s3.amazonaws.com/coursera_assets/meta_images/generated/XDP/XDP~COURSE!~creative-ai-sound/XDP~COURSE!~creative-ai-sound.jpeg
rec_4b0813ca11a7,session_73a7fc4e8c58,2,Using AI to Expand Creativity,University of Michigan,Arts And Humanities,Music And Art,BEGINNER,4.0,4.73,0.5175198316574097,0.5973264620058877,https://www.coursera.org/learn/using-ai-to-expand-creativity,https://s3.amazonaws.com/coursera_assets/meta_images/generated/XDP/XDP~COURSE!~using-ai-to-expand-creativity/XDP~COURSE!~using-ai-to-expand-creativity.jpeg
rec_4b0813ca11a7,session_73a7fc4e8c58,3,AI Basics and Tools for Creativity,University of Michigan,Arts And Humanities,Music And Art,BEGINNER,4.0,4.46,0.5200376510620117,0.596160187476022,https://www.coursera.org/learn/ai-basics-and-tools-for-creativity,https://s3.amazonaws.com/coursera_assets/meta_images/generated/XDP/XDP~COURSE!~ai-basics-and-tools-for-creativity/XDP~COURSE!~ai-basics-and-tools-for-creativity.jpeg
rec_4b0813ca11a7,session_73a7fc4e8c58,4,"Generative AI, LLMs, and Advanced Applications with Python",Packt,Data Science,Data Analysis,ADVANCED,10.0,5.0,0.46868041157722473,0.5687271246680532,https://www.coursera.org/learn/packt-9781787127081-p3-gbmtr,https://s3.amazonaws.com/coursera_assets/meta_images/generated/XDP/XDP~COURSE!~packt-9781787127081-p3-gbmtr/XDP~COURSE!~packt-9781787127081-p3-gbmtr.jpeg
rec_4b0813ca11a7,session_73a7fc4e8c58,5,Generative AI for Everyone,DeepLearning.AI,Data Science,Machine Learning,BEGINNER,5.0,4.8,0.3944537043571472,0.56662862211786,https://www.coursera.org/learn/generative-ai-for-everyone,https://s3.amazonaws.com/coursera_assets/meta_images/generated/XDP/XDP~COURSE!~generative-ai-for-everyone/XDP~COURSE!~generative-ai-for-everyone.jpeg
